:10000000E0240020CD23000079890000B9230000FE
:10001000B9230000B9230000B9230000B923000070
:10002000000000000000000000000000312500007A
:10003000B923000000000000C9240000B92300001B
:10004000C9260000C9260000C9260000C9260000F4
:10005000C9260000C9260000C9260000C9260000E4
:10006000C9260000C9260000C9260000C9260000D4
:10007000C9260000C9260000C9260000C9260000C4
:10008000C9260000C9260000C9260000C9260000B4
:10009000C9260000C9260000C9260000C9260000A4
:1000A000C9260000C9260000C9260000C926000094
:1000B000C9260000C9260000C9260000C926000084
:1000C000C9260000C9260000C9260000C926000074
:1000D000C9260000C9260000C9260000C926000064
:1000E000C9260000C9260000C9260000C926000054
:1000F000C9260000C9260000C9260000C926000044
:10010000C9260000C9260000C9260000C926000033
:10011000C9260000C9260000C9260000C926000023
:10012000C9260000C9260000C9260000C926000013
:10013000C9260000C9260000C9260000C926000003
:10014000C9260000C9260000C9260000C9260000F3
:10015000C9260000C9260000C9260000C9260000E3
:10016000C9260000C9260000C9260000C9260000D3
:10017000C9260000C9260000C9260000C9260000C3
:10018000C9260000C9260000C9260000C9260000B3
:10019000C9260000C9260000C9260000C9260000A3
:1001A000C9260000C9260000C9260000C926000093
:1001B000C9260000C9260000C9260000C926000083
:1001C000C9260000C9260000C9260000C926000073
:1001D000C9260000C9260000C9260000C926000063
:1001E000C9260000C9260000C9260000C926000053
:1001F000C9260000C9260000C9260000C926000043
:10020000C9260000C9260000C9260000C926000032
:10021000C9260000C9260000C9260000C926000022
:10022000C9260000C9260000C9260000C926000012
:10023000C9260000C9260000C9260000C926000002
:10024000C9260000C9260000C9260000C9260000F2
:10025000C9260000C9260000C9260000C9260000E2
:10026000C9260000C9260000C9260000C9260000D2
:10027000C9260000C9260000C9260000C9260000C2
:10028000C9260000C9260000C9260000C9260000B2
:10029000C9260000C9260000C9260000C9260000A2
:1002A000C9260000C9260000C9260000C926000092
:1002B000C9260000C9260000C9260000C926000082
:1002C000C9260000C9260000C9260000C926000072
:1002D000C9260000C9260000C9260000C926000062
:1002E000C9260000C9260000C9260000C926000052
:1002F000C9260000C9260000C9260000C926000042
:10030000C9260000C9260000C9260000C926000031
:10031000C9260000C9260000C9260000C926000021
:10032000C9260000C9260000C9260000C926000011
:10033000C9260000C9260000C9260000C926000001
:10034000C9260000C9260000C9260000C9260000F1
:10035000C9260000C9260000C9260000C9260000E1
:10036000C9260000C9260000C9260000C9260000D1
:10037000C9260000C9260000C9260000C9260000C1
:10038000C9260000C9260000C9260000C9260000B1
:10039000C9260000C9260000C9260000C9260000A1
:1003A000C9260000C9260000C9260000C926000091
:1003B000C9260000C9260000C9260000C926000081
:1003C000C9260000C9260000C9260000C926000071
:1003D000C9260000C9260000C9260000C926000061
:1003E000C9260000C9260000C9260000C926000051
:1003F000C9260000C9260000C9260000C926000041
:10040000C9260000C9260000C9260000C926000030
:10041000C9260000C9260000C9260000C926000020
:10042000C9260000C9260000C9260000C926000010
:10043000C9260000C9260000C9260000C926000000
:10044000C9260000C9260000C9260000C9260000F0
:10045000C9260000C9260000C9260000C9260000E0
:10046000C9260000C9260000C9260000C9260000D0
:0C047000C9260000C9260000C9260000B3
:10047C0053B94AB9002908BF00281CBF4FF0FF31FF
:10048C004FF0FF3000F00CB8ADF1080C6DE904CE64
:10049C0000F010F8DDF804E0DDE9022304B0704749
:1004AC00704700BF034613F8012B002AFBD1181A22
:1004BC00013870472DE9F04786468C460846089E61
:1004CC00154674461946002B40F0C1808542B2FA9D
:1004DC0082F245D94AB1C2F1200300FA02FC9540E0
:1004EC0094402EFA03F343EA0C0C4FEA154EA8B2D3
:1004FC00230CBCFBFEF80EFB18CC08FB00F943EAFE
:10050C000C43994528D9EB1808F1FF3704D29945CB
:10051C0002D9A8F102072B44A3EB0903A4B2B3FB45
:10052C00FEFC0EFB1C330CFB00F044EA0344A0421F
:10053C0014D92C190CF1FF3304D2A04202D9ACF11E
:10054C0002032C44241A43EA07401EB1D440002372
:10055C0034607360BDE8F0874746DDE76346F1E73A
:10056C0092BB431B01214FEA154EAFB2200CB3FBDB
:10057C00FEFC0EFB1C330CFB07F840EA03439845CA
:10058C0061D9EB180CF1FF3004D2984502D9ACF1CB
:10059C0002002B44A3EB0803A4B2B3FBFEFC0EFB3E
:1005AC001C330CFB07F744EA0344A7424DD92C1922
:1005BC000CF1FF3304D2A74202D9ACF102032C4454
:1005CC00E41B43EA0040C0E7C2F12003954094408D
:1005DC0020FA03F12EFA03F34FEA154E9040AFB216
:1005EC000343B1FBFEFC0EFB1C10190C0CFB07F8B3
:1005FC0041EA0041884522D969180CF1FF3004D238
:10060C00884502D9ACF102002944A1EB08019BB248
:10061C00B1FBFEFC0EFB1C110CFB07F743EA01437C
:10062C009F420ED9EB180CF1FF3104D29F4202D934
:10063C00ACF102012B44DB1B41EA004193E760461D
:10064C00E3E76146F7E76046A4E76346B8E7834211
:10065C0006D916B9002108467CE7C6E900E0F9E79F
:10066C00B3FA83F78FB9834201D3724508D8BEEB36
:10067C00020460EB030301209C461EB9002169E7CC
:10068C003846FAE7C6E9004CF8E7C7F1200CBB4046
:10069C000EFA07F522FA0CF42EFA0CF1BA401C43B0
:1006AC0020FA0CF3B8404FEA144901431FFA84FEB8
:1006BC00B3FBF9F809FB18300B0C08FB0EFA43EAF4
:1006CC0000439A4540D9E31808F1FF3004D29A450B
:1006DC0002D9A8F102002344A3EB0A0389B2B3FBAD
:1006EC00F9F809FB183308FB0EFE41EA03418E456D
:1006FC002CD9611808F1FF3304D28E4502D9A8F128
:10070C000203214443EA0040A1EB0E01A0FB029836
:10071C004145CE46434602D306D14D4504D201385D
:10072C00B9EB020E68EB0403002EA7D0B5EB0E025A
:10073C0061EB030101FA0CFC22FA07F3F9404CEAD5
:10074C000303C6E9003199E74046C5E74346D9E7BC
:10075C002DE9F04F83B000AF3B4D284608F02DFF3C
:10076C002B680446002859D06C4688B06A46374935
:10077C00C2E905134FF400739383354B42F8103FD5
:10078C0000234FF4E651334800F0F0FFA546032157
:10079C00314A304807F0FBFF0024DFF8C0B0DFF827
:1007AC00C0A04FF0000904EB44082D4ED844302271
:1007BC000021504609F0DFFAB8F80030338098F881
:1007CC000230B370AB687B609B6803BB7B68102204
:1007DC001B6851461C489847034620B10121214A09
:1007EC001C4807F0DDFF40F21B60002109F10109F4
:1007FC0005F0B0FDB9F1100F06F10306D7D10323B4
:10080C000134B4FBF3F303EB4303E41AC9E70E48DA
:10081C0098470F28DAD86FF02103DFE788B06A46D3
:10082C001149C2E905134FF400739383084B42F846
:10083C00103F4FF4E2510346064800F097FF204664
:10084C000C37BD46BDE8F08FA0A00000B4C100007D
:10085C000300000118AA0000CEC1000025C2000050
:10086C00D01200200BC20000EAC100002DE9F04FAD
:10087C0091B0009302F004030293C2F3C20301335C
:10088C00840705460E46DDF868800392059340F018
:10089C00BB81041D30B1072909D86FF01B0011B0C2
:1008AC00BDE8F08F01F007063444C6F10806009B42
:1008BC004FF000094FF0040A591E4FF0FF334F461A
:1008CC000193CB465346CDF810900DB1009A22609F
:1008DC000598002800F3E8809848009A824203D3D8
:1008EC0097488242C0F0E080039AA4EB050E920771
:1008FC004FEA9E0000F103810F2F00F2B180002D12
:10090C0000F0058107F140020DEB020C019A0CF886
:10091C00200C0CF8102C049801300490E7E07A2895
:10092C005DD84B280ED8472859D829282DD82528EA
:10093C0052D054D820287AD02338D0F1000B4BEB6E
:10094C00000B74E04C382E2849D8DFE800F07048D2
:10095C00484848484848484848484B484848484808
:10096C0048484859484B4B595959704B6D48704839
:10097C00184B184848827F4B48484B487F00002052
:10098C004FF0000B4FF0040A38E001222A38C0B2B5
:10099C0002FA00F010EA0E0F49D110F0625C2FD170
:1009AC0010EA020B43D06046013C5444B4FBFAF409
:1009BC000AFB04F4002D61D0A3EB050CA444B44550
:1009CC003FF66BAF002868D1042B47D158F8043B95
:1009DC002360042304342AE0019A013A01924FF077
:1009EC00000B24E011F8010C6C2834D1002011F814
:1009FC00023C83466C2BC5D14FF0080A5346D3E713
:100A0C0008F1070828F00708073424F00704F8E871
:100A1C0002AB35B106982044B0423FF63EAFC4E974
:100A2C0000AB4FF0000B08344FF0080A534611F896
:100A3C00010F002878D0BBF1000F7FF470AF252890
:100A4C00F5D14FF0010B019B013301934FF0040AD8
:100A5C00ECE7584694E700208346A5E7082B02D024
:100A6C006FF015001BE708F1070828F00708F8E8F5
:100A7C000223C4E9002308230834D8E768B9042BFF
:100A8C0002D108F10408A4E7082BE9D108F1070802
:100A9C0028F0070808F10808EDE7059A013A0592D5
:100AAC0058F8042B009210E7039A900720D54FF0CA
:100ABC00010CA4EB050E4FEA9E00BEF5007FCFD2D1
:100ACC000F2FCDD8F5B107F140020DEB020E019AB4
:100ADC00C0B20EF8200C0EF8102CBCF1000F3FF435
:100AEC001AAF60F07F000EF8200C09F101090137F4
:100AFC00C5F108024FF6DA7E0434069297E74FF000
:100B0C00000CDAE7BCF1000F01D00136EFE70298D8
:100B1C0002360028EBD10098CDE90631FFF7C2FC74
:100B2C00DDE906310644E2E7631BB3F5806F97D22B
:100B3C0045B9A6F10804E018B1E600BF7C9E0000A0
:100B4C00D8CD0000029A9B0828602B709DF81030BD
:100B5C00C2B1EB7085F80290B9F1000F05D00022FC
:100B6C0008A8C5F1010C97420ED14FF0000AC5F14F
:100B7C0001030DF1200801930DF1300B574512D1F3
:100B8C00601B8CE66B70E5E710F8013B190608D585
:100B9C000CEB040EB64503F07F033FF67EAE04F873
:100BAC00013B0132DFE7B9F1000F03D098F90020C7
:100BBC00002A17DB029BD3B11AF80B2004F8012B87
:100BCC000022019B18191044B0423FF666AE98F80B
:100BDC000000009904F8010B2046039209F0BEF8BE
:100BEC00039A14440AF1010A08F10108C6E798F8BF
:100BFC00002055F822300093029B009845F82230D3
:100C0C00FFF750FC421CDCE76FF00D0047E600BF1D
:100C1C002DE9F04F97B000AFD7F880B03B62CBF323
:100C2C00C0030446894690F802A0FA62BB6141B940
:100C3C00457800780AEB800020444D4517D8A0EB8E
:100C4C000409E378FB61BAF1000F02D01BF0010F2D
:100C5C0016D1FB6953BBFB6A1BB1494620463A6A65
:100C6C0098474D4628465C37BD46BDE8F08F461C7C
:100C7C003046FFF717FC0130304409F10109DCE77D
:100C8C00626823787A62FA6A9900796104EB8301CD
:100C9C00002A40F001810E464FF000084D4601EB52
:100CAC000A094E454CD101EB0A0610E01BF0020F6D
:100CBC00D1D023789A007A61626804EB83017A625E
:100CCC00FA6A002A77D14D46904601EB0A061BF0D2
:100CDC00050F0CBF02230123FB62FB6906EB430AE1
:100CEC000BF00203BB625645BCD016F8021B16F87B
:100CFC00013C54F82390994B994502D3984B994554
:100D0C0036D3BB69002B40D0786A07F028F900284D
:100D1C003BD0E9468AB06A46924B53617B6AC2E982
:100D2C0006314FF4007313848F4B42F8103F0023AD
:100D3C004FF412518D4800F019FD023DCD46D2E71B
:100D4C0016F8013BF96254F82300FFF7ABFBD7F818
:100D5C008430F96A01304BB1D7F8883098453EBFE2
:100D6C00D7F8843023F8180008F10108054498E7F7
:100D7C00BB6923B1786A07F0F2F80028C9D11BF0DF
:100D8C00010F05D1FB6AED1AADE7BB6A002BAAD0A7
:100D9C004846FFF787FBD7F8843053B1D7F8883033
:100DAC0098453FBFD7F88420431C22F8183008F12F
:100DBC000108054497E7BAF1000F73D01BF0040645
:100DCC0073D0D046002607F1480052463B61B96209
:100DDC0008F0C4FFB96A3B6901EB0A02BA62FA690E
:100DEC00F9695200FA60BA6A02EB41023A610BF0FF
:100DFC000202BA603A69B96A8A4258D162781BF029
:100E0C00020F18BF00217A6208BF4FEA5801B218CE
:100E1C001BF0010FD2B240F09F801BF0040F14BFE7
:100E2C0040460020BB616270A070E17020463A6AB7
:100E3C007969FB6A9847051EFFF614AFBB694146FA
:100E4C0023707B6A3A6A6370FB6984F802A0E370D2
:100E5C0007F14800FB6A9847B0F10008C0F2BA806D
:100E6C007B69A9EB0A01C91AFB683A6AC91AD7E966
:100E7C000A0398470028C0F2AF804FF0000BA8443B
:100E8C0008EB000507F1380AB34571D300213A6A23
:100E9C000846FB6A9847E5E656464FF0000807F10E
:100EAC00380092E75646D04696E7B04694E7BA6AC1
:100EBC0012F8021B12F8015CBA6254F82500274A9A
:100ECC00904202D3264A90421ED3BA6932B1786A54
:100EDC007B6007F044F87B6800288BD1BA6802BBB2
:100EEC0008F1280207F1300C08F10100944407F1D5
:100EFC00580208F1020852FA80F00CF8101C5FFA44
:100F0C0088F800F8105C75E7BA693AB1786A7B60CA
:100F1C0007F025F87B6800287FF46CAF1BF0010FFD
:100F2C0009D006F1280207F13000711C161806F8DA
:100F3C00205CCEB25EE71BF0040F3FF45BAF08F110
:100F4C00280207F1300008F1010102EB000808F853
:100F5C00105C5FFA81F84DE7002063E77C9E00008F
:100F6C00D8CD000033C2000004000001E0A900004D
:100F7C001BF80A3054F8239087F83730D7F88430B0
:100F8C002BB3D7F888309B4521D2D7F8843033F86F
:100F9C001B8001213A6AFB6A07F137009847002849
:100FAC001ADB0544B8F1000F06D14846FFF77AFA70
:100FBC0000F101081FFA88F8414648463A6AFB6A74
:100FCC009847002808DB05440BF1010B5CE74FF058
:100FDC000008DEE7454645E6054643E6014B18604A
:100FEC00704700BFD000002080B505460E4617465E
:100FFC00984605F001FA034608F030FF0446DFF886
:10100C001890424649F8003039463046A84754F803
:10101C00090001F03DFA00BF080000002DE9F0477F
:10102C00058B04462807904611D4022905F00705C4
:10103C0040F0CC80204607F032FA78B10138218B91
:10104C00042811D8DFE800F0C2106D859500012945
:10105C000CBF45F0100545F02005258388F3118859
:10106C00BFF36F8FBDE8F08701F0070AAA4500F0C7
:10107C00A5800027B9463E46A368002B00F0BC8033
:10108C0041F00801218388F31188BFF36F8FA168A9
:10109C00002900F0BA800D68002900F0B6803346B4
:1010AC0052462046D1F80480C047002D76D02B68DC
:1010BC0029461D46F0E701F007035A1F012A1BD8E9
:1010CC00002221F00701062B276889B2C4E900220F
:1010DC0009D13B4603E0628B013262831B68002B13
:1010EC00F9D141F002012046218307F0D8F90028FC
:1010FC007AD041F0200176E0042B0AD121F00701CF
:10110C0089B22046218307F0CAF910B141F02001C1
:10111C002183218B01F0070AAA454FD00027B9463D
:10112C00AAE7236921F0070141F00601062DD3F847
:10113C00009021832DD1B9F1000F3FD041F008016F
:10114C00218388F31188BFF36F8F20463949C84734
:10115C0029E021F00701236941F0040189B2042D33
:10116C00D3F804902183E6D000274FF0040A3E46C2
:10117C0082E721F00701236941F0050189B2052DB1
:10118C00D3F808902183D6D000274FF0050A3E46AD
:10119C0072E700274FF0060A3E466DE72B4687E7BD
:1011AC00B9F1000FD1D1EFF31188202383F312880A
:1011BC00BFF36F8F238B23F008032383258BEA0661
:1011CC002ED525F01003238305F007056669218BC6
:1011DC00002EBFF670AF00232768C4E9003321F05E
:1011EC00070141F001012183218B4FF0000901F02F
:1011FC00070AAA457FF440AF002F9CD041F00801AC
:10120C00218388F31188BFF36F8F002FC8D03D68FE
:10121C00394633465246204607F06DF92F46F4E71F
:10122C00AB067FF51BAF25F02003238305F00705E4
:10123C0000E700BF2F8500002DE9F0470446074664
:10124C004FF00109DFF8508014B93846BDE8F0873B
:10125C0094FAA4F5B5FA85F509FA05F32E0108EB15
:10126C0005156FEA030A24EA03042B7B002BEBD051
:10127C0058F806301B694BB946447368042228465B
:10128C00196807EA0A0707F012FADDE728469847BB
:10129C000028D9D1F0E700BF60AA000030B50022C9
:1012AC0089B00F490F4808F0D7FA00220023002418
:1012BC00CDE906230E230C4DCDE903344FF44072D7
:1012CC002846CDE90144094B0949009404F0A4FDDA
:1012DC000849284608F0B0F9204609B030BD00BFD7
:1012EC000513000080070020E80200201D160000F6
:1012FC00A0140020E7C20000014804F0B9BC00BFF4
:10130C00BC0200202DE9F047804621480F4607F02B
:10131C00B2F90646002833D000252846BDE8F087F0
:10132C00237B83B12368DB680BB120469847636845
:10133C0083F8069023681B69D3B96368042220469E
:10134C00196807F0B4F9013610345445E8D3B8F1F4
:10135C00000FE2D0002DDFD02846FFF76DFF0546C9
:10136C00002FF7D0002140F2391004F0F3FFF1E721
:10137C00204698470028E0D009FA06F31D43E2E71F
:10138C0005464FF00109034CDFF80CA0DDE700BF68
:10139C00E809002060AA000070AA0000014B53F875
:1013AC0020007047BCAA000008B5034608462BB1C4
:1013BC00044A136000F070FC002008BD6FF01500AB
:1013CC00FBE700BFD400002010B5044C237813B900
:1013DC00034804F04DFC0123237010BD00130020C2
:1013EC00BC02002010B50446094807F044F93CB192
:1013FC00084BD3E8EF1F0139C3E8E21F002AF8D1EC
:10140C00054808F035FABDE81040044804F030BC3B
:10141C00E0090020E409002080070020BC02002025
:10142C0000200146034BD3E8EF0FC3E8E21F002A6C
:10143C00F9D17047E009002070B5FFF7F1FF0546C0
:10144C00074C084EB44200D370BD63685B792BB176
:10145C0023685B6813B12946204698471034F1E79E
:10146C0060AA000070AA000010B5044C0449204684
:10147C0006F0AEFE034B1C6010BD00BF1C0200202A
:10148C00A8AA0000D809002000230D4A10B513703B
:10149C000C4A0D4913600D4A0D481360FFF784FF89
:1014AC00FFF7E2FF0B4B0C4918468B4200D310BDE3
:1014BC001A1A5C681211013222711033F5E700BF61
:1014CC0001130020E009002040420F00E409002035
:1014DC007F86000060AA000070AA0000014600226E
:1014EC000023014806F095BE1C020020014806F0BE
:1014FC002EBF00BF1C020020024B0146186806F0EC
:10150C007ABF00BFD8090020014806F0AFBF00BF6A
:10151C001C02002070B5274B1878002849D0FFF723
:10152C00E5FF0546002841D1234B244C1B68002BBA
:10153C0019DD08F08FF94FF47A75A0FB050647F614
:10154C001222002305FB0161FEF792FFD4E9003261
:10155C00C01A40F2E93361EB0201984271F10001CB
:10156C0001D3FFF769FFD4E9003213F57A7342F126
:10157C000002C4E90032BDE87040FFF7C5BF6368E4
:10158C005B7923B12368294620461B6898471034A1
:10159C00B442F4D32846FFF7AFFF094BD3E8EF1F53
:1015AC000139C3E8E21F002ABED0F7E7054C064E0E
:1015BC00EEE770BD00130020E00900207807002042
:1015CC00E409002060AA000070AA000070B50D4D5F
:1015DC00297861B90120FFF795FE0B4C0B4EB442F4
:1015EC0006D3FFF797FF0028FBD101232B7070BDAA
:1015FC0063685B791BB1236820469B68984710345D
:10160C00EDE700BF0113002060AA000070AA0000E3
:10161C0000212DE9F0470846FFF774FE044658B345
:10162C0040F21B684FF0000908F018FC1B4B1C4AD9
:10163C001B58136033B11B4B1B68092B02DD1A4876
:10164C0004F016FB0025194FDFF85CA044B12046CE
:10165C00FFF7F2FD044618B94FF0FF384FF0FF3991
:10166C00FFF758FF064628B9B5B942464B465046D7
:10167C0004F032FB3546E9E74FF0FF384FF0FF3905
:10168C00D2E72B689B691BB100222846114698476C
:10169C001035BD42F5D3E8E7054DFAE70800000028
:1016AC00DC090020E4090020BC02002070AA000024
:1016BC0060AA000013B5184806F0DDFF174B1B7825
:1016CC0073B1EFF31184202383F31288BFF36F8F70
:1016DC00FFF720FF84F31188BFF36F8F02B010BDAA
:1016EC000F4B1B68002BF9D050B9002200230D487A
:1016FC00CDE9002347F61222002305F065F9EDE74A
:10170C000928EBD1074808F0B3F8074802B0BDE848
:10171C00104004F0ADBA00BFE40900200113002012
:10172C00DC09002080070020BC02002010B5064B0D
:10173C0004461B6898472146A060044806F0E8FD63
:10174C00BDE81040FFF7B6BFD40000201C020020FB
:10175C00044A054B9B1AB1EBD30F34BF52F831003E
:10176C0000207047D8A9000060AA00002DE9F04FB6
:10177C008FB0C1F34A2804AF0D469146B8607B6028
:10178C000C0DB8F1000F63D000264FF0040B4FF096
:10179C000A0A07F11403C7F80C80C7E907667E62D2
:1017AC000193CDF808B0CDF800A007F11C03324628
:1017BC004846F968FFF72CFAB0F5006F03461CD3C6
:1017CC006C468AB0D9F8041004AB26481A46C3E913
:1017DC00050140F2FF71D9614FF400711984224B5D
:1017EC0042F8103F4FF4125133462048FFF7BEFF2A
:1017FC00A5462C37BD46BDE8F08FC0F30A0804F1AE
:10180C001700184420F0070080083B60FFF766FEC5
:10181C0068F35325044690B13B6800F11001C7E909
:10182C00083607F11403F961CDE900A3CDF808B02F
:10183C0048460F4AF96807F11C03FFF7E9F968F30A
:10184C0053252A4620467B68B96806F050FFD0E73E
:10185C0004F1170020F007008008FFF73FFE044654
:10186C00EDE700BFFCC200000400000100AA00006C
:10187C00CD8600002DE9F04F87B00446DDE9105A03
:10188C00DDE91279934698460391BFB13B46524627
:10189C0010210020CDF80090CDF81490FEF7E6FF53
:1018AC00B0F5006F06460AD340F2FF730221174AC7
:1018BC00174807B0BDE8F04F06F072BF3E4605F181
:1018CC001700304420F007008008FFF707FE04F0F3
:1018DC0007040BF0070BE40044EA8B1444EA46249B
:1018EC0044EA0554054640B13FB13B4652463146A9
:1018FC00CDF800901030FEF7B9FF4346224628463B
:10190C00039907B0BDE8F04F06F0F1BE3BC30000F1
:10191C0000AA0000406820B1034BC01A40F3CF006E
:10192C0070474FF0FF307047D8A900000EB403B5D4
:10193C0003AB53F8042B01460448019301F0DEF885
:10194C0002B05DF804EB03B0704700BFF7870000EE
:10195C00CA0605D48B064CBF02490349FFF7E6BF04
:10196C00704700BF74C3000073C300002DE9F04F33
:10197C0089B09B46149B9DF84CA00693159B04467E
:10198C000593169B0D469046179E0493BAF1000FD3
:10199C0000F09D8006F48073079306F086FE06F037
:1019AC000209024600283ED020469149FFF7BEFFAF
:1019BC000746B9F1000F08D016F0440F35D12A466E
:1019CC0020468C49FFF7B2FF074406F0010353B1E0
:1019DC00894B204653F82A20884B8949002A08BF96
:1019EC001A46FFF7A3FF06F48073002B49D006F0CC
:1019FC000803002B63D1B8F1000F66D04246204695
:101A0C008049FFF793FF0546069B3D44002B6DD1A3
:101A1C00049B002B73D1F30700F1E4803146204680
:101A2C00FFF796FFD8E00746C3E7774B1868002806
:101A3C00CAD0764B4FF47A791B684FF03C0CB5FB4F
:101A4C00F3F5B5FBF0F14FF4616300FB115509FBA5
:101A5C0005F5B1FBF3F2B5FBF0FE03FB121100FB35
:101A6C001E55B1FBFCF309FB05F5B5FBF0F50CFBC2
:101A7C00131120460091CDE901E56549FFF756FFAA
:101A8C00A2E706F00803EBB1624B204653F82A207C
:101A9C006149FFF74BFF0546B8F1000F05D04246F0
:101AAC0020465849FFF742FF0544BBF1000FABD06D
:101ABC005A4620465949FFF739FF0544A4E74FF031
:101ACC00000BE1E706F00805E6E745469CE7BBF1AD
:101ADC00010F069B06D1002B64D1049B002B7BD0FD
:101AEC0000250CE0002BF8D04D485CE04D48069BDF
:101AFC0022464D4906F002FA049B002B68D0DFF811
:101B0C002C81DFF82C91049F3146102F204628BFE2
:101B1C0010274FF0000BFFF71BFF5D4545DC059BC5
:101B2C00494620461A78FFF701FF4FF0010B1BF0D6
:101B3C00070F03D141462046FFF7F8FE5F453BD91E
:101B4C00059B4946204613F80B20FFF7EFFE0BF1DF
:101B5C00010BBBF1100FEAD14FF0000B20463549B9
:101B6C00FFF7E4FE5A46059B20469A5CA2F1200141
:101B7C005F2928BF2E223049FFF7D8FE0BF1010B4D
:101B8C00BBF1100F1DD01BF0070F03D141462046AF
:101B9C00FFF7CCFE5F455A46E5D841462046FFF795
:101BAC00C5FEEBE71F485546A1E741462046FFF727
:101BBC00BDFE0BF1010BB0E720462049FFF7B6FE46
:101BCC00C5E7059B3B440593049BDB1B04939AD10F
:101BDC00BAF1000F7FF41FAF204609B0BDE8F04FFB
:101BEC0006F0F6BD2046054A0549FFF79FFE15E7AE
:101BFC007BC300007FC30000CCAA000076C30000AA
:101C0C00CBC10000A4C30000F0090020EC090020A7
:101C1C0088C30000E0AA0000A8C30000AEC3000007
:101C2C0025880000F7870000092B0000BBC30000CB
:101C3C00B3C30000BDC30000BFC30000B9C30000A4
:101C4C0042F20F7373B58B4228BF0B4605680446EE
:101C5C00052168460D4A05F0E9FD064663682846ED
:101C6C000B225B680A4906F0A5FD6368324669469B
:101C7C0028465B6806F09EFD63681B2228465B685D
:101C8C00044906F097FD02B070BD00BF5AC50000B4
:101C9C00DEC30000C2C3000000210123064A9042AB
:101CAC0006D8064A01B901231360054B186070472A
:101CBC00012140085B00F2E740420F00EC090020D4
:101CCC00F00900202DE9F34143680DF107011C6870
:101CDC001048656806F003FE30B99DF8071001291D
:101CEC0002D10C4800F030F801232B7525682F68C1
:101CFC00D5E90136D3E9004824B96B681C6002B001
:101D0C00BDE8F081214630464246B847241A0644C5
:101D1C00F2E700BFC89F0000F8B50D460446064F19
:101D2C004618B44201D12846F8BD14F8011BBB6813
:101D3C0001485B689847F4E7C89F0000014B0360BB
:101D4C000020704728AB000070B5046A0D469CB3A8
:101D5C001E4A2379565CB34231D01D4A525C9A42DA
:101D6C0030D1A3689847002810DA022D0CD0032D2F
:101D7C000BD110F1860F07D0D4E8EF3F43F00203EC
:101D8C00C4E8E23F002AF6E7267170BD022D2671E9
:101D9C0001D00020F9E7D4E8EF3F23F00403C4E8B6
:101DAC00E23F002AF7D1D4E8EF3F23F00203C4E866
:101DBC00E23F002AEDD0F6E76FF05700E5E76FF051
:101DCC007700E2E76FF08500DFE700BF47C4000053
:101DDC0043C4000008B5044806F0E8F8BDE8084024
:101DEC00024806F0E3B800BF4BC4000081C40000F9
:101DFC0008B50348034A0021121A06F0AFFD08BDCE
:101E0C00E80200209C140020074808B5074A08493E
:101E1C00121A06F0A5FDBDE808400648064A074917
:101E2C00121A06F09DBD00BF40000020E402002005
:101E3C00D8CD00004000002040000020D8CD00008C
:101E4C002DE9F04706460C4600AF002936D0D1E903
:101E5C000012E9468AB06D46A3684FF0050AA84601
:101E6C001F48C5E90723C5E9050148F810AF002351
:101E7C0042464FF421511B48FFF778FCD4E903127A
:101E8C00CD466369AD461848C5E90723C5E9050188
:101E9C00C5F810A0002342464FF421511148FFF71A
:101EAC0065FCCD46E3690121104A0E4806F078FC2A
:101EBC00A36901210E4A0B4806F072FC012E07D1D2
:101ECC00EFF305830B4A31460648103B06F068FCDD
:101EDC002146304603F07CFCBD46BDE8F08700BFD0
:101EEC00AFC4000028AA0000DEC400000DC500002D
:101EFC001CC500004AC5000030BFFFF7FDBF00BF86
:101F0C002DE9F04105460B4EDFF82C80324606EBEE
:101F1C000807CC1B2046094907F020FFA0194246B0
:101F2C000021083C07F027FFC5F8804007F10800A6
:101F3C00BDE8F081000000000400000070AA000061
:101F4C00054B5A699B689A421FBF044A536843F079
:101F5C0080535360704700BF640C002000ED00E01C
:101F6C0070B52A4C06460D4629482A4906F005FD4F
:101F7C00A36ADB0647D52648274906F0FEFC11204C
:101F8C00A36A1C0704D52248244906F0F6FC12204B
:101F9C001E4CA36A990712D521491D4806F0EDFC89
:101FAC00636BA26A120609D501211E4A184806F075
:101FBC00F7FB1EB1A36A23F08003A3621320134C1A
:101FCC00A36ADE0704D51248174906F0D6FC142084
:101FDC00A36A9C0604D50E48144906F0CEFC1520C5
:101FEC000A4B9A6AD10658BF9A6A9A6A920642BFFD
:101FFC005A6A22F400525A629A6A42F0FF029A62BA
:10200C0000232B7070BD1020BAE700BF00ED00E07C
:10201C0028AA00005DC5000073C50000A6C500001D
:10202C00B9C50000D1C50000E7C5000006C6000018
:10203C0010B5244C2449254806F09FFCA36A99014D
:10204C003ED52248224906F098FC1E20A36ADA01EC
:10205C0004D51E481F4906F090FC1F20194CA36A9A
:10206C00DB0204D519481C4906F087FC0220A36A40
:10207C001C0304D51548194906F07FFC2120114C8E
:10208C00A36A590304D51148154906F076FC2220A1
:10209C00A36A9A0304D50D48124906F06EFC23205E
:1020AC00084CA36ADB0304D508480F4906F065FC0D
:1020BC002420A36A6FEA03436FEA1343A36210BDA3
:1020CC001D20C3E700ED00E035C6000028AA000083
:1020DC004DC6000060C600007AC60000A4C6000011
:1020EC00C2C60000E7C6000001C7000070B5294C4D
:1020FC0006460D462848294906F03FFCA36AD90438
:10210C003CD52548264906F038FC1720A36A1A0549
:10211C0004D52148234906F030FC18201D4CA36A35
:10212C009B0512D51C48204906F027FCA36BA26A1C
:10213C00100409D501211D4A174806F031FB1EB1C8
:10214C00A36A23F40043A3621920124CA36A590515
:10215C0004D51148164906F010FC1A20A36ADA05BA
:10216C000ED50D48134906F008FC1B20094A936A4A
:10217C0043F47F43936200232B7070BD1620C5E798
:10218C00A36A9B04F2D504480B4906F0F6FB1C200D
:10219C00ECE700BF00ED00E028AA00002CC700000F
:1021AC0042C70000A6C5000053C700006CC7000062
:1021BC0081C700009CC7000006C600002DE9F04155
:1021CC008AB0654B0446D3F80480002600AFC8F3F0
:1021DC00080586F31188BFF36F8F02F07F43B3F1CC
:1021EC007F4F07D102F00C03082B12D15B495C48DE
:1021FC0006F0C3FB002634460023FB71EB1E092BB3
:10220C0000F28980DFE803F00A7F827B878787876B
:10221C00878510074CBF0C460126EDE75149504805
:10222C0006F0ABFB00234C4DFB71EB6A9A0705D50E
:10223C004D494B4806F0A1FB002331E0EB6A002B23
:10224C0001DA4A49F5E7EB6A5B00F5D548494448A1
:10225C0006F093FB6B69A26943F480736B61BFF367
:10226C004F8FBFF36F8F6B6932F8022C23F480739E
:10227C006B61BFF34F8FBFF36F8F4DF602739A42B2
:10228C0007D0AB6ADBB26BB30120F91DFFF768FE18
:10229C0037E023680121374A314806F081FA236878
:1022AC00FA79DAB907F1080504F1200C2A462068FE
:1022BC006168083403C264451546F7D17A6A002E6A
:1022CC0045D0C2F3080121B96FEA52226FEA4222CB
:1022DC007A62184607F10801FFF7B2FD2837BD46B0
:1022EC00BDE8F081AB6A13F47F4F04D00120F91DD7
:1022FC00FFF7FCFE05E0AB6AB3F5803F9CD3FFF71C
:10230C0097FE0346CCE70020F91DBFE70020F91D1E
:10231C00EEE719498DE7194A18F4F87FE8468AB0B8
:10232C00174B18BF13466A461649103DC2E90513F0
:10233C004FF400731384144BD56142F8103F002303
:10234C004FF411510648FFF711FAC54674E722F411
:10235C00FF7222F00102BBE700ED00E0E2C70000D3
:10236C0028AA00000DC8000024C8000045C80000C1
:10237C0053C8000072C800008EC80000C9C7000016
:10238C00B4C70000B2C8000004000001064B5A6933
:10239C0042F010025A615A6942F480625A615A69D9
:1023AC0022F008025A61704700ED00E0EFF308805C
:1023BC00EFF3098101B57246FFF700FF01BD00BFC5
:1023CC00002080F31488BFF36F8F002080F30A88FD
:1023DC0080F30B880F4880F3088801F01DFE002065
:1023EC000D490860BFF34F8F00F02CF8202080F3CC
:1023FC0011880A484FF40061401880F30988EFF304
:10240C0014800221084380F31488BFF36F8F00F00F
:10241C00EFF80000E024002094ED00E0A01700206D
:10242C00002318460649D1F89020C2F307229342A4
:10243C0000DB7047C1F89830C1F8A0000133F6E713
:10244C0000ED00E010B572B6002484F31388FFF79A
:10245C00E7FF23464FF0FF300C4A03F12001013314
:10246C00102B42F82100F8D100234FF0FF30074A1F
:10247C0003F160010133102B42F82100F8D162B650
:10248C00BFF34F8FBFF36F8F10BD00BF00E100E0B3
:10249C00084B9B6883420BD1EFF3058343B1064B8A
:1024AC005A6842F080525A605A6A22F400425A62C8
:1024BC0003F0A8BF640C002000ED00E016498A6808
:1024CC004FF030001044EFF3098C80E8F01F20200F
:1024DC0080F31288BFF36F8F104F4FF000664A697C
:1024EC008A603E60D2F880000D4C2060D2F88400E7
:1024FC000023C2F8843080F3118802F1300090E898
:10250C00F01F8CF3098802F1000004B506F03DFAC7
:10251C00BDE8044070470000640C002004ED00E0AE
:10252C00180A00201EF0040F0CBFEFF30880EFF325
:10253C000980816911F8021C0229FFD001B572468D
:10254C0006F010FA01BD00BF00B2002807DB012322
:10255C004109034A00F01F00834042F821307047C4
:10256C0000E100E000B200280CDB0122064943091F
:10257C0000F01F008240203341F82320BFF34F8F1F
:10258C00BFF36F8F704700BF00E100E0054B4209BD
:10259C0053F82220012300F01F0003FA00F0104032
:1025AC00704700BF00E100E000B2002801F101011A
:1025BC00ACBF00F16040064B4FEA4111C9B2ABBF52
:1025CC0000F5614000F00F0080F8001319547047BB
:1025DC0014ED00E0044B054A23F07F039360BFF336
:1025EC004F8FBFF36F8F70470000000000ED00E0CD
:1025FC0008B5FFF7EFFF074AD2F8883023F47003D1
:10260C00C2F88830FFF7F4FBFFF7FEFB00F046F84A
:10261C0003F0FEF900ED00E042F8203C009B0B4972
:10262C0042F81C3C019B21F0010142F8183C029B32
:10263C0042F8081C42F8143C4FF0807342F8043CFA
:10264C000023203A0265C0F884307047F50F000073
:10265C0000B50D4B15469860D0F880200B4B0E46FC
:10266C001A60036F83F30B882C4686F309880020CD
:10267C00034B98472046002100220023014C2047A1
:10268C00A5890000F50F0000640C0020180A00203A
:10269C001022014B1A61704700ED00E0002320204E
:1026AC0040F20F1210B5044CE1180133934281F83B
:1026BC000003F9D110BD00BF00E100E008B5EFF355
:1026CC000583064A103B02EBC30152F833004968FC
:1026DC008847BDE80840FFF733BC00BFC4A000002A
:1026EC001FB5094C094A23460121094800F012F98B
:1026FC0000230393074B0121E41A01A801930294D0
:10270C0000F012F904B010BD00F00220000000200F
:10271C0028AB0000E802002010B50C7A0B6804F01E
:10272C001F0223F01F031A43CB68640923F01F0315
:10273C00054943EA440343F00103C1F89800C1F88A
:10274C009C20C1F8A03010BD00ED00E010B50A4B84
:10275C00D3F89030C3F30723013B984208D90121E9
:10276C000346064A064806F01BF86FF0150010BD2C
:10277C00FFF7D2FFFBE700BF00ED00E0C9C8000087
:10278C0020AA00002DE9F04F8946144606464FF06A
:10279C000008514D85B0C84527DAD6F804A0BAF127
:1027AC00000F44D0BAF11F0F17D91AF01F0F14D114
:1027BC00D6F800B01BF01F0F0FD1584606F00FF9DA
:1027CC0007460AEB0B00013806F009F9874210D0D6
:1027DC006FF01507414A3B4601E04346404A012150
:1027EC00404805F0DDFF6FF01504204605B0BDE84C
:1027FC00F08F17F1160FEDD0BC42EBDDC5F89870D9
:10280C00D5F89C10C5F89870D5F8A03021F01F01B0
:10281C0043F01F0BD6E900321A44994202F1FF3AF9
:10282C001DD1D34507D13146F8B206F0E1F808F1D5
:10283C0001080C36AFE73146C5F89870D5F89C30D6
:10284C0022F01F0203F01F031343C5F89C30E0B2C3
:10285C0006F0CEF810F1160FC5D0441CE7E7C5F80A
:10286C009870D5F8A020013B23F01F0302F01F0243
:10287C001343D3453146E0B2C5F8A030E8D006F09A
:10288C00B7F810F1160FAED0C5F89870D5F89C209B
:10289C009DF808300BF1FF3B62F304038DF8083010
:1028AC00D5F8A0309DF808205B0863F347128DF82B
:1028BC000820D6E900321344009323F01F035B4435
:1028CC00A3EB0A03013023F01F036946C0B2039344
:1028DC00FFF73CFFBEE700BF00ED00E012C90000AF
:1028EC00EFC8000020AA00000522044BC3F8942076
:1028FC00BFF34F8FBFF36F8F704700BF00ED00E049
:10290C00BFF35F8F0022024BC3F89420704700BFC7
:10291C0000ED00E010B5034C2278FFF733FF207078
:10292C0010BD00BF031300202DE9F74F294D8A4637
:10293C0006464FF00008AB46274FD0451BDAD6F8B9
:10294C000490B9F1000F3FD031680846019106F0B0
:10295C0046F80199044609EB0100013806F03FF8EE
:10296C0084424FF014021D4B08D002FB08F36FF0A9
:10297C0015024BF8032003B0BDE8F08F14F1160FCD
:10298C002C60F8D01978A142F5DD02FB08B0C7F82D
:10299C009840C7F89840D7F89C4000F10801007B9C
:1029AC0064F304000871D7F8A0000C79400860F3B8
:1029BC0047140C71D7F89C1021F01F016960D7F8EF
:1029CC00A01021F01F01296108F1010814350C3603
:1029DC00B3E700BF1C0A002000ED00E00313002049
:1029EC00F0B54149414CD1F890302568C3F3072329
:1029FC009D4287B075D80020FFF782FF3C4BC1F891
:102A0C00C030854216D13B4C01A82570FFF796F9D2
:102A1C0000250646384FAE4213D1002023783249A8
:102A2C00D1F89020C2F30722934254DBFFF75CFFEE
:102A3C0000202FE0616801EB0011FFF76DFE013003
:102A4C00DFE70199280101EB0513DA683A40B2F58A
:102A5C00001F21D0B2F5800F2BD0B2F5801F38D1DA
:102A6C005A689B680958013B22F01F00034401205F
:102A7C00844623F01F0340EA4C10CDE902218DF867
:102A8C00100002A920780593FFF760FE00281DDADC
:102A9C006FF0150007B0F0BD5A689B680958013BF0
:102AAC0022F01F0003444FF0020C012023F01F03FF
:102ABC00E1E75A689B680958013B22F01F00034468
:102ACC004FF0000C062023F01F03D4E723780133CA
:102ADC00237001359FE7C1F89830C1F8A00001338D
:102AEC009EE74FF0FF30D5E700ED00E034AB00007F
:102AFC00AAFF4400031300200000F0FFF0B587B0DC
:102B0C0007460E4614460021102268461D4607F063
:102B1C0032F902238DF80230054B2A4621466846CD
:102B2C00CDE90476019304F0ADFE07B0F0BD00BF13
:102B3C002F8A000008B5024B1B689847002008BD7F
:102B4C00300A0020034B044A1860937843F00203C8
:102B5C0093707047300A0020E000002008B5064949
:102B6C00064821F00701C1F1005202F53C3205F094
:102B7C006DF9002008BD00BFE7240020340A0020B6
:102B8C0008B5144A144B1A6000F040F84FF47A61FF
:102B9C00124B0020D3F82436C3F30802C3F30943C5
:102BAC004B4382F480720E49883201FB02334FF49E
:102BBC00FA215B00B3FBF1F201FB1233B3F57A3F60
:102BCC00084B28BF0132C3F804290122C3F80026A0
:102BDC0008BD00BF0020A107C401002000C0FF00F9
:102BEC00102700800000125048B1054B054A1B68A5
:102BFC00B3FBF2F35843044B43F0010318477047FF
:102C0C00C401002040420F0090AA00000122024B98
:102C1C00C3F80424704700BF002008E0084B70B5CF
:102C2C00C31A0D4607499B100446594340220648D7
:102C3C0005F00BFF2B4601462046BDE870401847B7
:102C4C00540A0020B76DDBB6149F0000402373B507
:102C5C000B4C0093041B0B460D460A49A410614310
:102C6C000646094A094805F01BFF011E05DA3046E5
:102C7C002B4602B0BDE87040184702B070BD00BFD3
:102C8C00540A0020B76DDBB6158B0000149F0000B2
:102C9C0070B500220121044640F20510FFF784FCB8
:102CAC000F4801F0FFFA0F4B984215D101F00AFBC7
:102CBC0026690D49304605F041FC00280BDB012547
:102CCC0035642469084904F11C0005F037FC002820
:102CDC0001DB0020E56470BD6FF00400FBE700BF72
:102CEC00398B00000000AD0B5CAB00001FB500225F
:102CFC000123CDE902236B46084ACDF800D0CDF86C
:102D0C0004D005F0FAFE002805DB43F60952002337
:102D1C00684602F0E1FF05B05DF804FB338B000060
:102D2C0010B5EFF31184202383F31288BFF36F8F58
:102D3C00074A136823F00201DB07116002D401205B
:102D4C0006F0B4FA84F31188BFF36F8F10BD00BF87
:102D5C00A40A00200C22104B014602FB0033002079
:102D6C0030B4D3E90E529863EFF31180202484F32E
:102D7C001288BFF36F8F1C6C04F0C00444F0020483
:102D8C001C6480F31188BFF36F8F1DB12B4630BCD0
:102D9C000248184730BC7047540A0020149F0000AA
:102DAC0010B4EFF31182202383F31288BFF36F8FDB
:102DBC001648016841F002040460C80707D482F386
:102DCC001188BFF36F8F012010BC01F097BA104926
:102DDC00D1F80C14C903F2D5EFF3118083F31288E8
:102DEC00BFF36F8F0B490B6C03F0C00343F002036E
:102DFC000B6480F31188BFF36F8F82F31188BFF3DC
:102E0C006F8F002010BCFFF7A5BF00BFA40A0020E5
:102E1C0000E01050540A00202DE9F0410122074631
:102E2C003449D1E8EF3FC1E8E02F0028F9D133B99C
:102E3C00314932484B60CB608A6005F092FB7B1EB7
:102E4C00012B28D8012F06D12D4BD3F8503403F089
:102E5C000303012B1FD006F0E9FB0546E8B9294B0B
:102E6C001B78D3B104220646254BC3F80823244C07
:102E7C00DFF89480D4F84C24D4F84C34D20315D514
:102E8C0003F00303012B01D0012F0FD165B386F39F
:102E9C001188BFF36F8FBDE8F081EFF3118620230B
:102EAC0083F31288BFF36F8F0125E0E7BDB1304685
:102EBC0005F086FDD4F8403413F0FF03DAD1D4F8D2
:102ECC000821002AD6D0C4F80831D4F808312022C1
:102EDC000123C4F84034C8F8A0212361CAE70021BB
:102EEC00202003F037FAE5E70422054BC3F804234E
:102EFC00D1E700BF500A0020400A0020700A0020D1
:102F0C0000E010509914002000E100E008B50748DB
:102F1C0006F053FB38B10648FFF714FE0448FEF7E1
:102F2C005DF8002008BD6FF01200FBE7C89F0000A1
:102F3C00412F00000A2838B50446074D04D1AB6870
:102F4C000D2128465B689847AB6803485B68E1B283
:102F5C009847204638BD00BFC89F000070B5456833
:102F6C0006462B69E3B11035284601F057FE04469E
:102F7C00B0B90146284601F011FE0E4B984215D10E
:102F8C00224628460C4901F0DDFD22460121DB20BA
:102F9C00FFF70AFB2246012140F20D10FFF704FB5C
:102FAC003046BDE87040054905F0AEBC6FF004003A
:102FBC0070BD00BF0000AD0B55310000E78B000069
:102FCC002DE9F04340F206354668D00648BF032091
:102FDC00337B02EA050558BFC2F3401087B001F0FD
:102FEC001F07B5F5837F144647EA43178DF8030096
:102FFC0045D00FD8062D44D007D8B5B1022D14D02A
:10300C006FF0150007B0BDE8F083B5F5807FF7D100
:10301C0001250AE040F20222954234D0B5F5407FFA
:10302C0033D0B5F5007FEBD1042522032FD5012336
:10303C0072688B405360326982BB5F2F07F01F03AD
:10304C004FEA571177D83E4A52F8212084F4803148
:10305C0002EB8302D2F88030C1F30041C4F3404448
:10306C0023F4706344EA410423F00F031C4344EA45
:10307C00800444EA0524C2F880400020C2E70925F8
:10308C00D3E70825D1E70625CFE70525CDE7630370
:10309C0041BF012372688B409360CCE710363946F0
:1030AC0030460DF1020201F05BFD14F4403F804606
:1030BC000CD13946304606F0D0F9224B9845DCD17C
:1030CC0030469DF8021001F0B7FDD6E74FF000092D
:1030DC0001AB3946304603AACDE90439CDE9019953
:1030EC00CDF80C9001F0AEFB164B984288D114F43D
:1030FC00003315D09DF8033084F48034C4F30044BD
:10310C008DF80E3039464B46304603AA8DF80C50DC
:10311C008DF80D4001F082FC0A4B9842CDD06FE740
:10312C00CDE9043339460DF10303304603AA03936A
:10313C0001F088FBF0E7203352F82330FFDE00BFAC
:10314C0080AB00000000AD0B4209022A034670B5AB
:10315C0003D0012A18D0CAB170BD0E4E3269516825
:10316C000029F9D0012503F01F030C689D400029AC
:10317C00F2D08A682A4002D030464B6898473CB15E
:10318C00236821461C46F2E7034EE7E7034EE5E7CA
:10319C002346F6E7809F00005C9F0000389F0000EC
:1031AC00F0B51646426801F01F04107B87B044EA64
:1031BC0040141069002871D0B6F5001F02F11005FB
:1031CC0006D12146284606F04AF9002007B0F0BD8A
:1031DC000027B6F5800F01A8019747603BD1B3F1EA
:1031EC00007F14BF052304238DF804300023CDE9A0
:1031FC000403039393680DF1030723FA01F111F013
:10320C0001013DD1B6F1A07F3AD104F01F035F2C30
:10321C004FEA541003F1200346D8254A52F82020D7
:10322C0052F82330DB072BD43A462146284601F0CE
:10323C0097FC204B984219D002972146284603AAA6
:10324C0001F000FB1C4B98422BD101222146284651
:10325C0001F002FDB9E7B3F1C06F05D0B3F1007F07
:10326C0014BF01230223BFE70323BDE739462846D9
:10327C0001F0EAFC104B9842DED06FF00B00A5E792
:10328C003A462146284601F06BFC0B4B9842D4D1B0
:10329C0028469DF8031001F0CFFCCEE76FF08500B7
:1032AC0094E76FF0150091E751F82330FFDE00BF73
:1032BC0080AB00000400AD0B0000AD0BB0B500AF4F
:1032CC00224D284606F079F9034678BB6C4688B047
:1032DC0029686A461E48C2E905014FF400719183C2
:1032EC001C4942F8101F4FF4E2511B48FEF73EFAFE
:1032FC00A5466FF012042046BD46B0BD2B686D4646
:10330C008AB06A461549C2E905130123C2E907349C
:10331C004FF400739384124B42F8103F00234FF488
:10332C0031510D48FEF722FAAD46E4E72A69A96847
:10333C001368284623F0020313600B680022012156
:10334C009847041EDADB0024D5E700BF389F000045
:10335C009CC9000003000001F8A90000B3C90000DB
:10336C0005000001B0B54468054600AF206806F0C2
:10337C0024F960B1E06830B90023E17FDAB2914200
:10338C001ED800201AE006F018F90028F4D12368A2
:10339C006C4688B01B686A461749C2E905134FF49E
:1033AC0000739383154B42F8103F154800234FF4DC
:1033BC00E251FEF7DBF96FF01200A546BD46B0BD39
:1033CC00226AD25C0133032AD8D96C4688B06A468B
:1033DC002B680C49C2E905134FF400739383074B18
:1033EC0042F8103F064800234FF4E251FEF7BEF9B5
:1033FC006FF01500A546E1E7F6C9000003000001D7
:10340C0058AA00000ECA0000036803F01F025F2BCD
:10341C0002604FEA53129ABF024B53F8220000206D
:10342C00704700BF00AC00002DE9F04F93460746F3
:10343C0040F2FF18DFF86091DFF860A185B000EB77
:10344C008101B94203D1002005B0BDE8F08F3B6883
:10345C00C3F3C322082AC3F3080400F2998044453D
:10346C0008BF4FF0FF34B3F1B05F19F802604FEAB8
:10347C0013620ED2152A0ED8DFE802F010161C3497
:10348C001F25340D0D0D0D37630D0D0D0D0D0D0D8F
:10349C006669382A5ED06FF08500D5E7CBF8044614
:1034AC00621C6AD10437CCE7CBF80C46631CF9D00C
:1034BC0000256BE0CBF81046F2E7631CCBF8004616
:1034CC00F0D0002504E0CBF80446601CEAD00125BE
:1034DC0003A80394FFF798FF0122039B02FA03F35E
:1034EC0083600BE0CBF80846E0E7CBF80046002EF3
:1034FC00DCD1651CD6D0002508262A463B680394EF
:10350C0003F40040002818BF002203A818BF0125AF
:10351C0001930092FFF778FF039C019B00EB840062
:10352C00D0F88040C3F3412C009A330243EA8C0359
:10353C00134304EA0A04234343EA4503C0F88030EA
:10354C00B0E7CBF80446D2E7CBF84045BDE7CBF863
:10355C004445ABE703A80394FFF756FF039B621C9B
:10356C0000EB8300D0F8803023F0E04343F080433D
:10357C00C0F8803096D0012508E0012503A80394FB
:10358C00FFF742FF039B05FA03F343602A46B5E7B6
:10359C006FF0150058E700BF6ECA0000F0F0FCFF9A
:1035AC00F0B583B0446800AF054605F092FBA06A05
:1035BC00002853D006F001F80346C0B9A26A6C4645
:1035CC0088B011686A462648C2E905014FF40071BB
:1035DC009183244942F8101F23484FF4E251FEF71F
:1035EC00C5F86FF01200A5460C37BD46F0BDE38D53
:1035FC00A06A94F82C1043F400320126D0F810C0C5
:10360C0013F0010FDCF8003006FA01F614BF334357
:10361C00B343D0F808E0CCF80030DEF8003098471F
:10362C000028E1DBA06A94F82C4006698368391DF8
:10363C005B689847002807D0D6DB011E18BF012114
:10364C00284605F0BFFBCFE77B6832685A40012360
:10365C00A3401A4214BF01200020EEE70146EFE719
:10366C0077CA00000300000138AA0000014905F0E8
:10367C006BB900BFD98F000007B50021C06801AA43
:10368C0005F008FB002804DA0121034A034805F081
:10369C007EF803B05DF804FBC6CA000050AA000017
:1036AC0038B5054644680121E06805F062FC6B689A
:1036BC0019686369C1F82435E28BA38BA07E134390
:1036CC00228C1343628C1343627E9BB20243207E96
:1036DC0002431343C1F86C3569680B68D3F80022B8
:1036EC0042F48022C3F800220822C3F800254A6A5B
:1036FC000121C3F83C270022C3F840271965D3F8F1
:10370C0030110029FBD0C3F800252846BDE838400D
:10371C00014905F0F9B800BFD98F00002DE9F3413C
:10372C0004460D46476805F081FFA8B92B4B1B7862
:10373C0093B14FF02008642663681B68D3F83031CE
:10374C00002B39D1012005F0AFFD013EF4D1002151
:10375C00202002F0FFFDEEE72022EFF311831E463E
:10376C0082F31288BFF36F8F61680968D1F830114A
:10377C0021B983F31188BFF36F8FEEE77B6A204684
:10378C001D7063680DF107017F6A1D6805F0A7F8CD
:10379C009DF807204AB90123C5F83C77C5F8403796
:1037AC00C5F83021D5F830212B6586F31188BFF38D
:1037BC006F8F02B0BDE8F081EFF311831E4688F3E2
:1037CC001288BFF36F8F62681268D2F83021002A1A
:1037DC00D4D183F31188BFF36F8FB8E7991400200D
:1037EC002DE9F04745680121D0F81080064600AF5E
:1037FC00E86B05F077FC296C481C1AD005F14400E5
:10380C0000F014FB10F1130F04460AD10121324AC7
:10381C00324805F03CFC6FF012042046BD46BDE872
:10382C00F087411D05D101212D4A2C4805F02FFCB4
:10383C00F3E74FF001096B6B9847D8F80850D8E9BB
:10384C00023203EBC2039D4208D3404605F0A9FCAB
:10385C003046244905F058F80446DEE7286805F0A0
:10386C00ACFE0346B0B92A686C468AB01068297958
:10387C006A46D1614FF400711B4D11841B49C2E99A
:10388C00055042F8101F4FF411511448FDF76EFF0C
:10389C00A546C0E728682979EB88D0F810C0DA076C
:1038AC00DCF8004054BF43F4B01383F4D01323F47A
:1038BC00801209FA01FEDB07D0F808A04CBF4EEAD3
:1038CC00040424EA0E04CCF80040DAF800309847DF
:1038DC00041EA2DB0835B2E705CB000048AA0000A5
:1038EC0030CB0000379100004DCB000004000001EC
:1038FC002DE9FF4105690646AA6CD0F804802B6DB2
:10390C00002A35D1002B53D0B8F83840686C9C4253
:10391C0028BF1C46EF6CEB6C53B12A6D42B107F01B
:10392C006042B2F1005F03D0082C28BF08246F6EF0
:10393C006A6CAC651AB1AA6C002A18BF22460192B7
:10394C001BB12B6D002B18BF23460090002269463B
:10395C0040460393029701F017FE184B984229D06A
:10396C006FF00401304604B0BDE8F04105F03BBCFB
:10397C00696CEF6C0846B8F83840ABB1934228BF7D
:10398C0013469C4228BF1C460029C4D001F060435A
:10399C00B3F1005FBFD0082C28BF0824286E224644
:1039AC0006F0DCF9286EB6E7944228BF1446EBE724
:1039BC001946D7E704B0BDE8F08100BF0000AD0B9D
:1039CC0010B502780346002A5FD10C69A26D32B99A
:1039DC00606D6FF07301BDE8104005F004BCE06C45
:1039EC0040B1216D31B1DB6823B1834202D0616EED
:1039FC0006F0B4F9A36CA26D33B19A4213D901212C
:103A0C00224A234805F043FB236DA26D33B19A4241
:103A1C0022D901211D4A1E4805F039FB606DBDE815
:103A2C001040FFF765BF9B1AA3647BB9636B04F16D
:103A3C00480208336363A36B04F13801013BA363B1
:103A4C0004F1340005F03BFB6064DDE7636C002B94
:103A5C00DAD013446364D7E79B1A23657BB9E36B15
:103A6C0004F150020833E363236C04F14001013B81
:103A7C00236404F13C0005F022FBE064CEE7E36C28
:103A8C00002BCBD01344E364C8E710BD71CB00000E
:103A9C0048AA00002DE9F04F8FB000AFFB604368DF
:103AAC000646BB608B88046998048846914634D4DA
:103ABC004FF0FF324FF0FF3304F1100002F00CF91D
:103ACC00C4F80480D6F804B0D6F810A0DBF808309F
:103ADC003B609AF85D3023B1DAF80030984500F07D
:103AEC00BD80B8F804E01EF400631DD00121B24A79
:103AFC00B24805F0CCFA6FF08505236813B19B88AA
:103B0C009B0405D40023636004F1100002F0B0F8AC
:103B1C0028463C37BD46BDE8F08FA369002BC7D1C2
:103B2C0063689942C4D1CDE71EF0010F15D06D46E4
:103B3C0088B031686A46A248C2E905014FF40071A9
:103B4C009183A04942F8101F4FF4E2519B48FDF7B6
:103B5C000DFEAD466FF01505CFE71EF0080F05D032
:103B6C00994A0121954805F092FAF3E7CEF34513F3
:103B7C00082B01D0954AF4E7D8F800307B607A68BE
:103B8C00934B9A4201D8934AEBE707F110050BF1DE
:103B9C000C0CBCE80F000FC5BCE80F000FC5D7E933
:103BAC000032934294BF7B627A621EF0020F9CE853
:103BBC0003000EF0040385E803003DD0002B14BF76
:103BCC000323022387F82830CEF3001387F829301B
:103BDC00DBF80030D3F80036591C11D01EF0020F60
:103BEC0003F01F027C484FEA5313CEF3400127D158
:103BFC00022B00F2DB8050F82310012393408B60E2
:103C0C009AF85D302BB1584601F078FC00238AF805
:103C1C005D303346714A584607F1100101F034FC0F
:103C2C006F4A0346904214D001216E4A634804F057
:103C3C00B7FD6FF0040560E7003B18BF0123C1E737
:103C4C00022B00F2B58050F82310012393404B60F7
:103C5C00D6E70123CAF800808AF85D30012384F886
:103C6C005C30BB68196C4A1C0AD003F1440005F0A7
:103C7C00CBFA743004D102215B4A504805F007FAA4
:103C8C00B9F1000F68D1C4F834900023A36304F198
:103C9C00480204F1380104F1340005F010FAFB6815
:103CAC006064002B60D1E3630023236404F15002B1
:103CBC0004F1400104F13C0005F001FA002501215A
:103CCC002A46E0642563204605F04BFA3046FFF7A0
:103CDC000FFE2A462B46A06B83424DD1002319467A
:103CEC00256CA9424FD19A4238BF1A46A0464FF4D0
:103CFC00FA5303FB02F558F8203B47F6122C1B68CD
:103D0C0040F2E730B5FBF3F50021C8354FF47A7279
:103D1C000023E5FB0C01FCF7ABFB02460B464046CF
:103D2C0001F0DAFF0246002834D001212F4A234843
:103D3C0005F0ADF90025B868A56501F0DFFB6FF063
:103D4C007301304684F85D5005F04DFA404601F0A1
:103D5C00E9FF6FF07305D0E6D9F800306363002BF0
:103D6C0093D0D9F8043091E7FB681B68E363002B10
:103D7C009AD0FB685B6898E7616B01EBC3014968FB
:103D8C0001330A44A8E7E06B00EBC1004068013145
:103D9C000344A6E7256B15F1740FCBD0002D3FF42F
:103DAC00ACAE0146306905F0DCF9A6E68960FFDEB1
:103DBC0000235B60FBE700BF8FCB000048AA00002C
:103DCC00A9CB000003000001CBCB0000EACB000024
:103DDC0047E8010019CC000084AD0000CD3900008B
:103DEC000000AD0B4ACC000071CC00009BCC000055
:103DFC005F2810B500F01F034FEA50140DD8094A84
:103E0C0052F8242002EB8302D2F88000064B0340C8
:103E1C0043EA8103C2F8803010BD0022203352F8EF
:103E2C002330FFDE1CAE0000F0F0FCFF0123F0B5E8
:103E3C0087B08DF80230022300248DF804306B44D7
:103E4C0003930F4601AB0DF1030104930546029158
:103E5C00059400F0F9FE0C4B064698420FD13946FA
:103E6C00284603AA00F0EEFCB0420BD028469DF881
:103E7C00031000F0E1FE6FF0040007B0F0BD6FF02E
:103E8C001200FAE72046F8E70000AD0B70B51446B7
:103E9C001D4605F0E1F9A042A94113D30A4AD2E923
:103EAC000061A41B24F01F0365EB01009B1941EB7F
:103EBC000001C2E90031640944EAC060BDE8704009
:103ECC0002F084BC70BD00BFC007002010B50022FA
:103EDC000121E420FEF768FB174A0020D2F81837BE
:103EEC0023F44033C2F8183700F094FF134B044608
:103EFC00984208D10120124901F01CF8A04205D0CB
:103F0C00104B984214D04FF0FF3010BD05F0A4F9BF
:103F1C0067220D4B20F01F00C3E900010B4BC3E9D6
:103F2C0000010B4B02201A60FEF776FF0020ECE735
:103F3C006FF00B00E9E700BF00200E500000AD0B46
:103F4C00C00100200200AD0BC0070020B807002004
:103F5C003C0B002008B505F07FF9054AD2E9003288
:103F6C00C01A61EB0201400940EAC16008BD00BF04
:103F7C00C007002037B5431C0CBF6FF0004420EA8B
:103F8C00E07405F069F90D4BD3E90025801A61EB5B
:103F9C0005032021C4FB0103402873F100042CBF4E
:103FAC0020F01F01002352184FF0010145EB0303D1
:103FBC000091034801F022F803B030BDC007002087
:103FCC00B8010020064BD3F840231C2A05D1D3F8A6
:103FDC004403431E5842584170470020704700BFAD
:103FEC0000C0FF0003689A070CD50368DB070DD5EA
:103FFC000922074BC3F80C250F22C3F80425012214
:10400C001A60FEE7034B0360EF3B0360704700BF91
:10401C0000801050F000FA5008B501233E4A3F488A
:10402C00C2F800383E4AD2F840231C2A04BF3D4A4D
:10403C00C2F80C34FFF7D6FF0830FFF7D3FF083077
:10404C00FFF7D0FF0830FFF7CDFF00F5F470FFF756
:10405C00C9FF354AD2F88C3043F44063C2F88C3037
:10406C000022D30003F57F0303F54043D3F800147B
:10407C0001310AD0D3F8001439B1D3F8001401324D
:10408C00D3F80434402A0B60EBD1234BD3F84024F3
:10409C00002A3DD0FFF796FF48B1214BD3F83423CB
:1040AC00224B9A429EBF1C4B214AC3F84026FFF775
:1040BC0089FF18B11F4B204AC3F8AC27FFF782FFCA
:1040CC0048B13422144BC3F82426D3F83C2622F4EE
:1040DC000022C3F83C26124BD3F840331C2B08D1DA
:1040EC00164BD3F80026D20744BF6FF00102C3F879
:1040FC0000260323124A0C49C2F81835D1F88C302B
:10410C0043F44063C1F88C300023C2F8A03508BDDD
:10411C00C822C3F84024BDE70000125000C50D5062
:10412C0000C0FF000030055000ED00E0001D0A1833
:10413C0040E0A91E00A0085078000A0400E01050CE
:10414C0000B0045030B50468ACB1B4FA84F3012269
:10415C00C3F11F03DBB29A4024EA0202D0E8EF5FFE
:10416C00A54204D1C0E8EC2FBCF1000FF6D1EAD186
:10417C0002480B7030BD0248FCE700BF0000AD0BDD
:10418C000200AD0B10B50368CB40DB0710D4012344
:10419C008B40026843EA0201D0E8EF4F944204D10D
:1041AC00C0E8EC1FBCF1000FF6D1F2D1014810BDF4
:1041BC000148FCE70000AD0B0400AD0BF7B505465C
:1041CC0048B3012825D104224FF480737120324961
:1041DC000024C1F80803012002F1A04203F1A0431E
:1041EC0003F5871302F5871210601C601B682B4BBC
:1041FC00D3F840331C2B13D0854201D10DF10704A9
:10420C00002342F21076244F8DF8073065B1012D52
:10421C002ED003B0F0BD14224FF484730420D6E7E3
:10422C00012DEDD1CD60E9E7D7F84C3403F48033A0
:10423C006CB9002BEDD0012005F036F8013EF3D11E
:10424C00E7E7012005F030F8013EDFD1E1E7D7F8D0
:10425C004C2402F003022270002BDAD09DF80730B8
:10426C00002BEED0012DD4D100220D4B5A71D0E78A
:10427C00D7F80C3403F480333CB9002BF4D0012074
:10428C0005F012F8013EF3D1C3E7002B0CBF01235C
:10429C0000232370E2D1E7E700E0105000C0FF00DC
:1042AC00400B0020044B1A7922B9012218601A71B4
:1042BC000248704702487047400B00200000AD0BCD
:1042CC000C00AD0B08B50A4B1B6843B140F205104E
:1042DC00FEF75CF918B940F20510FEF735F900222B
:1042EC00044BC3F840240122034B1A7008BD00BFD5
:1042FC00400B002000E010509814002010B510B1B5
:10430C00012845D010BD324BD3F84C14D3F84C24B3
:10431C00C80324D502F00303012B04D013B10020F1
:10432C00FFF74CFF00232A4A0420C2F84034102225
:10433C004FF48473002103F1A04303F58713196034
:10434C001C68012402F1A04202F587121460214A74
:10435C001268002A36D01E4BC3F80403D2E7D3F8F8
:10436C004824D107DED5D3F850249207D7D4194A64
:10437C0012681AB10422C3F80423C3E7D3F8082146
:10438C00002AFBD00022C3F80821D3F80831B9E782
:10439C0000220F4BC3F81021D3F81011C3F81821C9
:1043AC00D3F81811C3F81421D3F814210A4AD2F8FF
:1043BC0040231C2A04D000224FF480737120B9E7EB
:1043CC009860F8E71A68002AFCD019601B6899E716
:1043DC0000E01050400B002000C0FF0070B500251D
:1043EC001E4C1F4ED4F80C3303B970BDB3FA83F3D3
:1043FC00C3F11F039A0002F5807292B202F1A0423F
:10440C0002F58712156012680122D8B202FA03F382
:10441C00DBB2102BC4F8083311D0402B1BD0042B6B
:10442C0016D1D4F84C14D4F84C14890710D1C4F814
:10443C004024C4F804332261D4F80C33D4E70223AB
:10444C007371C4F81451D4F814312023C4F8043314
:10445C0033689847F0E77571FAE700BF00E0105039
:10446C00400B0020036803F01F025F2B02604FEA31
:10447C0053129ABF024B53F822000020704700BF22
:10448C0028AE0000034A4309D35C00F01F00184417
:10449C00C0B27047D9CC000070B505460846FFF78E
:1044AC00F1FF3C212A79184B01FB0202083233F848
:1044BC001200C10526D578240026C0F3432120F430
:1044CC00F85023F812002A7904FB02340E3434F825
:1044DC00020F10F4807F03D0C0F34320814211D02F
:1044EC000136232EF3D10020C2EB02120A4443F80A
:1044FC00320078202A79BDE8704000FB0230603031
:10450C00FFF740BE70BD00BF480B0020F0B506465B
:10451C00002487B0114F019117F8012B06AB03EB68
:10452C00D20313F8143C02F00702D34013F001033A
:10453C0006D10134032CEFD10023184607B0F0BD8F
:10454C00074A03AD07CA85E8070055F824100A6A24
:10455C0046F824200A62002AEBD0EEE7E9CC0000F2
:10456C0070AA000010B504460846FFF78BFF3C23E9
:10457C0003FB0400024B083033F81000400B10BD55
:10458C00480B002010B504460846FFF77BFF3C2380
:10459C0003FB0400034B083033F81000C0F3400059
:1045AC0010BD00BF480B002010B504460846FFF7AD
:1045BC0069FF3C2303FB0400034B083033F8100065
:1045CC00C0F3401010BD00BF480B002078232DE92C
:1045DC00F04F6F4C0E460C1BB4FBF3F4D0F81413D5
:1045EC00DFF8B0B1C9B28BB041F400315BF83420C4
:1045FC00009004F0E6FE8103054638D50023E70061
:10460C000BEBC404CDE907330993636807A819467B
:10461C000193FFF77BFF3B1D03934FF0000A5E4BAA
:10462C000DF11C090293029A12F8013B0292039AB3
:10463C0002EBD3021BF8022003F0070322FA03F368
:10464C00DA071AD40AF1010ABAF1030F09F10409C5
:10465C00E9D14FF400310022009804F0B2FE019928
:10466C0007A8FFF753FF0028D7D125F40035012404
:10467C00002D76D10BB0BDE8F08F484B534404931A
:10468C00D9F800100029DDD091FAA1F1B1FA81F12D
:10469C00049B1C7841EA44142046FFF7F3FE0830D3
:1046AC0036F81080C8084FEA98030593012319F8CF
:1046BC00002001F0070103FA01F122EA010209F8D6
:1046CC00002006A80694FFF7CDFE069A059B203223
:1046DC0050F82220C8F382075B07B846C2F30142A8
:1046EC0023D53046D7B22146424604F039FE06A8FF
:1046FC000694FFF7B7FE069B203350F82330C3F324
:10470C0001439F4207D10021204604F01AFE39468E
:10471C00204604F016FE06A80694FFF7A3FE01221D
:10472C00069B02FA03F30362AAE7022A0DD10321C6
:10473C00204604F006FE07F00503012BEBD14246A0
:10474C002146304604F00CFEE5E702212046059296
:10475C0004F0F7FD032FF2D0059A032ADBD1022FC8
:10476C00ECE795FAA5F3B3FA83F3009904FA03F294
:10477C0025EA020503F5A27251F8222006EB430349
:10478C003046B3F86410C2F3014204F0E9FD6FE760
:10479C00480B002034AE0000E9CC0000E9CC00004E
:1047AC002DE9F74305460846FFF76CFE3C222B79B2
:1047BC00204F02FB0303083337F813300E46DB0798
:1047CC00044635D5284604F023FE95F8049031466E
:1047DC004846FFF7E9FE60B14846FFF7C3FE0022EA
:1047EC00D5F8008000B208EB8003C3F81025C3F89D
:1047FC00102528463146FFF74FFE3C222B7901A8A5
:10480C0002FB03440023083427F814300196FFF709
:10481C0029FE019B00EB8300D0F88020064B13404F
:10482C0043F00203C0F88030044803B0BDE8F083C5
:10483C000348FAE7480B0020F0F0FCFF0000AD0B3A
:10484C000400AD0B2DE9F04F9046044685B00846A8
:10485C00FFF718FED8F800900F4606462579B9F1F7
:10486C00000F23D02846FFF78DFE18B12846FFF71E
:10487C009BFE58BB00230DF10F02CDE900338DF8E0
:10488C000E308DF80F300DF10E014B46384604F00A
:10489C000FFD3C2303FB05635D49083331F81320FE
:1048AC0022F0020242F0010221F81320D8F8043061
:1048BC00002B3FD03946207993F80090D3F804A010
:1048CC00FFF760FE20B1BAF1000F26D0514835E059
:1048DC003C226A43DFF838E102EB060C0CF1080CC1
:1048EC003EF81C3023F02003DB04DB0C2EF81C30CC
:1048FC00BAF1000F11D0B9F1030FE7D8D8F80410B2
:10490C002068496891F800A000EB8A00B9F1000F0B
:10491C0017D1C0F81095C0F810953C2303FB056522
:10492C003B4A083532F8153023F01C0343EA89035F
:10493C0022F81530D8F8083063BB374805B0BDE80D
:10494C00F08FD0F810B552442BF0030BC0F810B513
:10495C00206843EA4A3300EB8A01D1F810050EEBCC
:10496C00420220F4473020F47C70C1F8100541F667
:10497C00F070D1F810B500EA071040EA094040EA9F
:10498C000B0043F02003C1F81005A2F864702EF858
:10499C001C30C2E73946D3E900852046FFF77CFD81
:1049AC00B8F1000FC9D078232079194F4343FA1876
:1049BC00FB58984504D153689D4201D100220CE06C
:1049CC00782303FB00700DF10F016030FFF7BAFB89
:1049DC00114B9842B2D19DF80F203C212379C3EBA7
:1049EC000313134447F833802379C3EB03131344A5
:1049FC0007EBC3035D60237901FB0363083337F8CE
:104A0C00131041EA422242F4807227F8132094E7F3
:104A1C00480B00200400AD0B0000AD0B2DE9FF4747
:104A2C000546084617461E46FFF72CFD89460446E8
:104A3C0087B395F804804046FFF7A4FD18B94046AB
:104A4C00FFF7B2FD68BB3C2303FB0848DFF8E4A08A
:104A5C0008F108083AF8183013F01C0F02D07B78D4
:104A6C00012B1ED001238DF80F3000237A1CCDE9C9
:104A7C0000734846BB1C0DF10F0104F019FC3C22DD
:104A8C002B7902FB034308333AF8132042F003025C
:104A9C002AF81320002E4BD049462879FFF772FDD7
:104AAC0018B9254804B0BDE8F08700214FF03C0C44
:104ABC0030782B68820003EB8003C3F81015C3F821
:104ACC0010152B791B490CFB0343083331F8137079
:104ADC0027F4604727F0200721F8137077783FB34D
:104AEC002B68B6781A44D2F810E5144B3F040EEA42
:104AFC000303C2F8103541F6F07307F4403703EAAC
:104B0C0009133605D2F810E53B4306F480163343FF
:104B1C0043EA0E03C2F810352B790CFB034408341E
:104B2C0031F8143043EA403343F0200321F81430B9
:104B3C000348B7E7480B00200400AD0B0FE0ECFF77
:104B4C000000AD0B30B578250479044B05FB04341B
:104B5C00A160017905FB0133DA6030BD480B002000
:104B6C0070B5067914463046FFF71EFD68B108464D
:104B7C00FFF788FC3C2303FB0600054B083033F899
:104B8C00103004485B0B237070BD0348FCE700BF7A
:104B9C00480B00200000AD0B0400AD0BF8B5064629
:104BAC0007797820194D00FB075393F8744054BBD8
:104BBC00184646222146103005F0DDF83179144AAA
:104BCC00336852F8316021468E4212D10022C3F371
:104BDC000830C3F844210130D3F84421FDF7B4FC6C
:104BEC00782303FB075501230A4885F874302B669C
:104BFC00F8BDCAB2920002F58070442A04BF1C5062
:104C0C001A580131E0E70448F2E700BF480B0020D6
:104C1C0034AE00000000AD0B0C00AD0B7821027916
:104C2C00044B01FB023393F87400003818BF0120C9
:104C3C00704700BF480B00200079024B03EB80004B
:104C4C00FFF7A0BAC80100200079024B03EB8000EB
:104C5C00FFF778BAC80100202DE9F74390F80490CB
:104C6C00044648461746FFF79FFC0D46266800B3DE
:104C7C004846FFF787FC8046D8B94846FFF772FCD8
:104C8C0005B2AD0005F5807246F802802168B25875
:104C9C002944D1F8102542F00102C1F810252FB19A
:104CAC000122216802FA00F3C1F8143303B0BDE805
:104CBC00F083D6F8143328469B035CBF4FF40033C3
:104CCC00C6F81433FFF7DEFB3C22237902FB03000A
:104CDC000E4B083033F81030C3F38203042B11D081
:104CEC00052B11D001A80195FFF7BCFB019BC168F6
:104CFC00D94001F001010231284603B0BDE8F04370
:104D0C0004F01FBB0321F7E70221F5E7480B002055
:104D1C0001490248FFF75ABC480B002000A00D5077
:104D2C0001490248FFF752BCC00B002000C01050D4
:104D3C0010B50024037A0D49CA181B0103F1A043D6
:104D4C0003F5622392F85420C3F82C450C2303FB83
:104D5C0002130468DC6042681A610122007A18753B
:104D6C008B68824013438B6010BD00BF4000002055
:104D7C00074B027AD3F8101521F001010A43C3F84E
:104D8C0010250268C3F8A4264268C3F8AC26704705
:104D9C0000200E50012303FA00F010F0670F0AD028
:104DAC00064B5B68DB4303F067030342044B054887
:104DBC0018BF184670470448704700BF40000020D9
:104DCC000000AD0B0400AD0B0800AD0B2DE9F04855
:104DDC00EFF31181202383F31288BFF36F8F4FF011
:104DEC00FF356FF04044094ED6E900BC5D4574EBCD
:104DFC000C07F9D3CCF31303C0E900B381F311888A
:104E0C00BFF36F8F0248BDE8F08800BF40270E50FB
:104E1C000000AD0BF0B53C4D85B02C78002C6FD15B
:104E2C003A4A01AB07CA83E8070039491846D1F85A
:104E3C00102522F00202C1F81025FFF799FF072375
:104E4C00672202F001012144013BCCB24FEA52022D
:104E5C00F7D1052C56D119464FF0010C2A4E0024DF
:104E6C006720CFB204E00CFA02F220EA020001340F
:104E7C0090FAA0F25FFA84FEBE45B2FA82F2F2D347
:104E8C000131327505292A4482F8547006F10C065A
:104E9C00E5D1012100241F489A0801FA02F212F010
:104EAC00670F18BF1C500433302BF5D1E420FDF7ED
:104EBC004BFB174B1849D3F8102503F5C07322F0A0
:104ECC000202C3F8902340F6FF72C3F8A821002217
:104EDC001A60A3F5807004338B420260F8D1012470
:104EEC000B4B0E4A1C660E4B5D201B68B3FBF2F39A
:104EFC0058430C4B234398470B482C7005B0F0BD1E
:104F0C000A48FBE70A48F9E7400000207CAA0000A9
:104F1C0000200E5000210E50B0210E5040420F00C8
:104F2C00C4010020A0AA00000000AD0B0C00AD0BCA
:104F3C000100AD0B73B52A4C054663680E4603F0B1
:104F4C00010304F1140101A80193FFF7FBF8254BB1
:104F5C0098423DD100233370636823F001036360F2
:104F6C00A36843F00103A3601F4BD3F810259607E9
:104F7C0032D4D3F8102542F00202C3F81025C5B183
:104F8C00D3F8482712F0010202BFD3F8481741F0BA
:104F9C000101C3F84817144BD3F84017D3F8441742
:104FAC004C00F9D42AB9D3F8482722F00102C3F8EF
:104FBC0048270E4B0E4A1B68B3FBF2F30A4A03EB6D
:104FCC0043135BB1D2F84017D2F84417490001D40F
:104FDC0002B070BD013BF4E70648F9E70648F7E775
:104FEC00400000200000AD0B00200E50C40100203A
:104FFC0040420F000C00AD0B0700AD0B2DE9F0414A
:10500C000446007A1D46FFF7C5FE1E4B904698429B
:10501C0006469DF8187031D12046FFF789FEEFF354
:10502C001180202383F31288BFF36F8F227A164BE3
:10503C009200134400221A60217AC5F3130509016A
:10504C0001F1A04101F56221C1F82085C1F8245578
:10505C0080F31188BFF36F8F87B10123227A0B493C
:10506C0003FA02F2D1E8EF5F1543C1E8E05F0028D4
:10507C00F8D1227A9340064AC2F824333046BDE870
:10508C00F08100BF0000AD0B00210E50C8000020C5
:10509C0000200E50F7B5284B284CD3F82C6304F1A4
:1050AC0088070EB903B0F0BD96FAA6F00123B0FA4A
:1050BC0080F08340DA43224926EA0306231893F84A
:1050CC005450830019440C2303FB0543DB6873B372
:1050DC00D7E8EF3F03EA020CC7E8EECFBEF1000FB2
:1050EC00F6D1C340DB0719D5020102F1A04202F54B
:1050FC006222D2F82435D2F82025D1F800C0BCF1B8
:10510C00000FCED04FF0000CC1F800C00C2101FBF9
:10511C00054529690091E9688847C2E705F10C0348
:10512C0004EBC30C54F83320DCF80430E5E70A68D0
:10513C00002AB6D00B60B4E700200E5040000020CF
:10514C0000210E5010B5184BD3F80443E1040AD5D6
:10515C00D3F830213AB10022C3F83021D3F83031E2
:10516C00124B1B689847A2040BD50F4BD3F8342174
:10517C003AB10020C3F83401D3F834310C4B1B681E
:10518C00984763040ED5084BD3F8382152B100224E
:10519C00C3F83821D3F83831054B0120BDE8104055
:1051AC001B68184710BD00BF00E010503C0C0020DD
:1051BC00380C0020044B40EA0120C3F80005D3F85A
:1051CC000024D207FBD5704700B00450036803F0ED
:1051DC001F025F2B02604FEA53129ABF024B53F827
:1051EC0022000020704700BF44AE000037B51446C3
:1051FC00421C054618D0012902D1BBB104F090F92C
:10520C0001A80195FFF7E2FF019B0A4A00EB83001E
:10521C00D0F88050A30043EA41030B432A401343C8
:10522C0043F4A063C0F8803003B030BD04F084F9BF
:10523C00E6E700BFF0F0FCFF03460E4A10B50E483F
:10524C000E4CA34218BF1046B0FBF1F201FB12004A
:10525C0082420DD912F001000AD17E2A07D8A3424E
:10526C0014BF022304239A4234BF0020012010BD36
:10527C000020FCE70024F4000020A10700A004504B
:10528C002DE9F74F91F8213005460C4690F804A013
:10529C00002B00F0B0804FF0010891F822902A68A2
:1052AC006848694F69496369824208BF0F46B7FB7A
:1052BC00F3F7674B674ED3F840331C2B14D1022FF6
:1052CC0040F29D80237E13F0FD0F40F098807B0808
:1052DC000133DBB2994538BF9946242303FB0A639B
:1052EC009A7F42F008029A77242202FB0A6394F810
:1052FC002300997F60F3000199772B79217C02FBC5
:10530C0003639A7F61F341029A7794F823B0BBF15F
:10531C00000F21D1237E0121012B94BF00230123F7
:10532C005A462068FFF762FF5B465A466068FFF7F3
:10533C005DFF5B465946A27EA068FFF757FF01212F
:10534C00237C5A46E06883F00103FFF74FFF0B46BE
:10535C005A46E069FFF74AFF2423B8F1000F55D0F5
:10536C004FF0FF3203FB0A631A62A07C217E627E3F
:10537C00D4F80CC094F8108094F824E094F820A091
:10538C002B68BEF1000F16D1D4E900BECDF804E0B5
:10539C00D4F808E0E469C3F800B6DDF804B0C3F84B
:1053AC0004B6C3F808E6C3F80C46C3F810C6C3F835
:1053BC00B885C3F8B095003A18BF01220229C3F88A
:1053CC00C005C3F82C7533D0032934D0012901D181
:1053DC0042F00202C3F854252422C3F8ACA52B7961
:1053EC005343F35853B32868C0F3083003B0BDE8F7
:1053FC00F04FFDF7A9B898464FF002094FE7242368
:10540C0003FB0A639A7F6FF3C3026CE703FB0A6A20
:10541C00E2689AF81E30CAF82020227C4FF0FF3C3C
:10542C0062F341038AF81E30A07C217E627EA3E7E2
:10543C0042F00402CEE742F00602CBE703B0BDE82F
:10544C00F08F00BF00A004500024F4000020A1073E
:10545C0000C0FF00400C0020431C07B50ED001908B
:10546C0001A8FFF7B3FE019B00EB8300D0F880206E
:10547C00044B134043F00203C0F8803003B05DF8D6
:10548C0004FB00BFF0F0FCFF2DE9F84F242590F849
:10549C0004A0164C05FB0AF504EB050B98469BF88B
:1054AC001C3006460F469146DBB9B1B1496900681C
:1054BC00FFF7C2FEB8B13946304644F80590CBF838
:1054CC000480FFF7DDFE242303FB0A4400236377EB
:1054DC00012307482377BDE8F88F6251CBF804808D
:1054EC00F1E70448F7E70448F5E700BF400C00205B
:1054FC000000AD0B0C00AD0B0400AD0B2DE9F04121
:10550C000446067900681E4DC0F30830FDF72AF8F2
:10551C0024237343EB5853B123681A4A06EBC60194
:10552C00C3F80823206805EB810104F011F824214D
:10553C0001FB06512368D3F80006D3F80476D3F8A0
:10554C0008868B7FDB0714D4FFF786FF4046FFF7F6
:10555C0083FF3846FFF780FF086AFFF77DFF23685B
:10556C00D3F80C06D3F81016FFF776FF0846FFF7B2
:10557C0073FF242303FB065500232B77BDE8F08132
:10558C00400C00200700F81F24232DE9F043077975
:10559C005E4E7B439046F2180D46517F814685B096
:1055AC00002940F0B080F35823B118F0140F04BF59
:1055BC0001235377242495E80F0004FB076404F1BE
:1055CC000C0C8CE80F00206A431C04D0A37F9C07B2
:1055DC001AD503F0A5FF2B68D9F8004023B103F0CE
:1055EC006043B3F1005F06D1AB6883B103F0604355
:1055FC00B3F1005F0BD02423002203FB0763444864
:10560C005A7705B0BDE8F08303F096FFE3E718F096
:10561C00010318BF0123C4F84C3718F0020318BF5C
:10562C000123EC46C4F8143795E80F00C4F83C0786
:10563C008CE80F00C4F84017C4F804270022039B21
:10564C00C4F80837C4F80821D4F808310723C4F883
:10565C000035304BD3F840331C2B11D124237B4322
:10566C00F118897F08070BD58221F358C4F8841CE4
:10567C0033B1C4F80021D4F800310123C4F8043349
:10568C0018F0080505D124237B43F258012323602D
:10569C001AB324237B43F218F3585BBB1D49D1F892
:1056AC0040131C2904D1927F110748BFC4F8843CD5
:1056BC00242303FB0763186A421C04D09B7F9B07BF
:1056CC0015D503F039FF35B907EBC707204606EBB4
:1056DC00870103F03DFF104893E7D4F80831002B05
:1056EC00FBD062460421204603F0DCFED1E703F038
:1056FC0017FFE8E7042318F0040F14BFC4F80833AD
:10570C00C4F80433E7E705487BE700BF400C0020F2
:10571C000A00AD0B00C0FF000000AD0B0B00AD0B81
:10572C0010B51E4BD3F840331C2B15D11C4B9B7F53
:10573C00180711D51B4BD3F80423D1070CD5D3F87C
:10574C0000214AB10022C3F80021D3F80011C3F89C
:10575C00842C0122C3F808230421134A114803F0B6
:10576C00A1FEC8B10E4C206A421C04D0A37F9B073B
:10577C000FD503F0E1FE637F1BB10949094803F023
:10578C00E7FE002323720948D4E90031BDE810403C
:10579C00184703F0C5FEEEE710BD00BF00C0FF00C8
:1057AC00400C002000A004504C0C0020480C0020A1
:1057BC0010B50446FBF70AFF03480121034A02F027
:1057CC00E6FF204603F004FF28AA0000ECCC000002
:1057DC002DE9F84304460D4600AFEFF31188202362
:1057EC0083F31288BFF36F8F0428294A98BF294B83
:1057FC00E9468AB09668117C98BF53F820306A4607
:10580C0088BF254BC2E9073140F20133234893840A
:10581C00234BC2E9050442F8103F00234FF43151E9
:10582C002048FBF7A3FFCD4645B1EB69C3F3080352
:10583C0023B101211C4A1B4802F0A9FF2EB13046AE
:10584C0003F0FDFE08B1037803B91848E9468AB0A5
:10585C006A46174BD061C2E9053640F20133138416
:10586C00144B42F8103F00234FF411510D48FBF735
:10587C007DFF2946CD462046FFF79AFF88F3118815
:10588C00BFF36F8F3046FCF703FEBD46BDE8F883CF
:10589C00640C002050AE0000FBCC000011CD0000C9
:1058AC000500000128AA000039CD000009CD000038
:1058BC005ACD00000400000138B50A4B53F82040C3
:1058CC00013053F82050A54200D838BD606830B183
:1058DC00037FDB0701D403F058FE0834F3E7236899
:1058EC009847FAE764AE0000012270B5294B0320FB
:1058FC0086B01A70FFF7E0FFFCF76CFA0420FFF794
:10590C00DBFF254C254D2646AE4204F1300410D366
:10591C0000F050FC204C224EAC4226D300F05EFC32
:10592C00FAF716FF1F4A137B23F00103137306B01B
:10593C0070BD54F80C3C059354F8103C049354F887
:10594C00143C039354F8183C029354F81C3C0193F8
:10595C0054F8203C009354E90A2354E90C0100F05C
:10596C001BFA54F8303C5E65CDE7D4E90A23B3F159
:10597C00FF3F08BFB2F1FF3F05D052EA0301206898
:10598C0003D100F015FD3034C6E73146183000F075
:10599C008DFEF8E7991400203CA900003CA90000FA
:1059AC004997000058080020902370B5134E01222F
:1059BC0003FB0066002386B0CDE904230F2201937C
:1059CC00CDE9023214234FF4A0720D4D0D4903FBA7
:1059DC000055044602FB00110B4B3046009500F0BD
:1059EC00DBF9737B2C7423F004037373074B0134C2
:1059FC0003EBC423EE606B6006B070BDC8070020DB
:105A0C00640C0020A01F0020ED950000A0170020C2
:105A1C00BFB50020FFF750FF294B03F5006282F35E
:105A2C00088883F30A880024E023264D264F85F846
:105A3C002230EC772C766C76AC7685F820406B6A4D
:105A4C0043F4E0236B6285F82340FCF79FFCFCF7E2
:105A5C001FFE4FF0FF33AB62EB62FCF7C1FFFCF7AC
:105A6C003FFEFBF711FD194800F002FA0120FFF789
:105A7C0023FF0220164DFFF71FFF00F0E3FB154B31
:105A8C0015495D61154B4FF480620593012328463F
:105A9C00CDE90343CDE901443B46009400F07CF989
:105AAC0006466A7B284622F004026A7303F003FE62
:105ABC002046FFF779FF3A4631462846FCF7C8FDE9
:105ACC00A017002000ED00E0F5580000E8080020C9
:105ADC0058080020640C0020E02000202EC200009A
:105AEC002DE9F341044617461E46EFF31188202397
:105AFC0083F31288BFF36F8FC368334A7BB180681E
:105B0C009168884219D057EA060318D188F3118896
:105B1C00BFF36F8F6FF00F0002B0BDE8F08191689A
:105B2C0091F90E100133E36093682161A36088F34F
:105B3C001188BFF36F8F0020EEE72169F2E791F92E
:105B4C000E1090F90E306FF07E029942A8BF1946E4
:105B5C009142B8BF11468B422DDD03F04CFD05463A
:105B6C0022464146CDE90076184800F069FA002833
:105B7C00E1D0EFF31186202383F31288BFF36F8FEC
:105B8C00A068D0B1236821699C420AD04BB193F92B
:105B9C000E309942A8BF19466FF07E039942B8BFE8
:105BAC00194603F028FD40B13146084800F0DCFAF4
:105BBC006FF00A00B0E70025D2E7002DF4D186F390
:105BCC001188BFF36F8FF3E7640C00209A14002048
:105BDC00F8B583680546002B40D0234A926893425F
:105BEC003FD1C368012B03D9013BC3600020F8BD32
:105BFC00EFF31187202383F31288BFF36F8F0169B2
:105C0C00806803F0F8FC2C68AC4207D10023C5E98E
:105C1C00023387F31188BFF36F8FE7E7002CF5D0C1
:105C2C00D4E90032002613605A60637BC4E9006635
:105C3C0023F002036373A66004F1180003F0DEFD89
:105C4C00AC6094F90E3020462B61C4F8886003F0E8
:105C5C0032FD3946054800F087FAC7E76FF01500AA
:105C6C00C5E74FF0FF30C2E7640C00209A14002007
:105C7C0070B5EFF31186202383F31288BFF36F8F77
:105C8C000468A0421BD0D4B1D4E9003200251360C3
:105C9C005A60637BC4E9005523F002036373A5606B
:105CAC0004F1180003F0AAFD2046C4F8885003F054
:105CBC0002FD3146BDE87040064800F055BAD0E907
:105CCC0002329A4218BF0133836086F31188BFF306
:105CDC006F8F70BD9A14002013B5EFF3118120243F
:105CEC0084F31288BFF36F8F846844B1013C8460E5
:105CFC0081F31188BFF36F8F002002B010BD52EA00
:105D0C00030406D181F31188BFF36F8F6FF00F007E
:105D1C00F3E7CDE900230246014800F091F9ECE7E6
:105D2C009A1400202DE9F0410546EFF3118720234A
:105D3C0083F31288BFF36F8F00236FF00A081E469F
:105D4C002C68A54216D0ACB1D4E9003213605A606D
:105D5C00637BC4E9006623F002036373A66004F15D
:105D6C00180003F04BFD2046C4F8888003F0A3FC18
:105D7C000123E5E70022AA602BB13946BDE8F041CA
:105D8C00044800F0F1B987F31188BFF36F8FBDE8B9
:105D9C00F08100BF9A1400202DE9F043984685B09D
:105DAC0000F15803C0E91633109B0025037304233C
:105DBC00073222F0070643730F9B01EB06090F46CF
:105DCC0083734946C0E906558560C5730446FCF7E4
:105DDC0097F80E9B073020F00700A067C4E91C76EB
:105DEC0002930D9BA9EB000901930C9B4A4600936F
:105DFC00394643462046FCF70FFC064B65659B680D
:105E0C0084F86C5003B1DB6F4846E36705B0BDE81E
:105E1C00F08300BF640C0020F0B5002587B0059519
:105E2C00109DDDE9127604950F9D044603950E9D99
:105E3C0002950D9D01950C9D0095FFF7ADFFB6F1F8
:105E4C00FF3F08BFB7F1FF3F05D056EA070305D166
:105E5C00204600F0ADFA204607B0F0BD3A46334676
:105E6C0004F11800014900F021FCF4E74997000007
:105E7C0040F2011383810023C0E91C33C367014B3B
:105E8C0098607047640C00206FF00A01094A93680F
:105E9C00C3F888100849C3F884004B6843F080535A
:105EAC004B60002383F31188BFF36F8F9368D3F893
:105EBC0088007047640C002000ED00E070B590F98C
:105ECC000D20437B002A36DBD90634D11B4C63F002
:105EDC007F032246437352F8183FE169934207D17E
:105EEC00C0E900210860E06111E09942F8D01B681C
:105EFC00002BF5D090F90E5093F90E60B542F4D00A
:105F0C00AE42F2DD5968C0E9003108605860A569FD
:105F1C00954200D005B9E568A3685A7BD20604D136
:105F2C00DA897F2A01D9AA6932B1AB4202D028465C
:105F3C0000F036FB656170BD6361FCE7640C00200A
:105F4C0038B590F90D200146002A437B04DA03F0A2
:105F5C007F03437303F075FB0D4D2A4652F8184F1F
:105F6C00AB68944200D004B9EC688B4207D05A7BE2
:105F7C00D20604D1DA897F2A01D9A2692AB1A342B7
:105F8C0002D0204600F00CFB23466B6138BD00BFED
:105F9C00640C0020B3F1FF3F08BFB2F1FF3F03D008
:105FAC000249183000F082BB704700BF49970000CF
:105FBC0070B590F90D200146002A437B04DA03F0FA
:105FCC007F03437303F03DFB1C4C4B7B224663F079
:105FDC007F034B7352F8183FE069934207D1C1E934
:105FEC0000200160E16111E09842F8D01B68002BA1
:105FFC00F5D091F90E5093F90E60B542F4D0AE4243
:10600C00F2DD5868C1E9003001605960A569A368E8
:10601C00954200D005B9E5688B4207D05A7BD20671
:10602C0004D1DA897F2A01D9AA692AB1AB4202D0FC
:10603C00284600F0B5FA2B46636170BD640C002055
:10604C00F8B5DDE906670D4B0C46986811460C4A0D
:10605C001060EFF31182202282F31288BFF36F8F4E
:10606C009D68284603F0FFFA284632463B46FFF768
:10607C0091FF2046BDE8F840FFF706BF640C0020F6
:10608C00840C0020F8B50446EFF31187202383F32A
:10609C001288BFF36F8F437B49B203F01F02002AB3
:1060AC000CBF0126002639D103F07F032D4D43731D
:1060BC0003F0C7FA2A46437B817363F07F03437373
:1060CC0052F8183F934227D1E869C4E900200460D4
:1060DC00EC610FE09842F8D01B68002BF5D093F9D7
:1060EC000EC06145F6D08C45F4DD5968C4E9003129
:1060FC000C605C60AC69944200D004B9EC68AB688D
:10610C009C4202D0204600F04BFA6C6187F3118858
:10611C00BFF36F8F3046F8BDE869DEE79B071ED5ED
:10612C00856803F08EFA81732B689D4209D16B68E8
:10613C00C4E900531C606C60E8E76A689342F6D0CF
:10614C001B68002BF3D093F90E209142F5D08A42B4
:10615C00F3DD5A68C4E9003214605C60D6E78173E1
:10616C00D4E700BF640C002049B9EFF3058030B9C7
:10617C00054B5A699B689A4201D0FFF785BE81F3A3
:10618C001188BFF36F8F7047640C0020034648B929
:10619C00EFF3058232B9064A51699268914201D0F7
:1061AC00FFF772BE83F31188BFF36F8F704700BF88
:1061BC00640C0020EFF31181202383F31288BFF3CA
:1061CC006F8F054B9A68D37B013BD37381F3118896
:1061DC00BFF36F8F704700BF640C002070B5EFF3F6
:1061EC001186202383F31288BFF36F8F144DAB6895
:1061FC00DA7B0132DA732A4652F8184F944200D0F7
:10620C0004B9EC685A7BD20604D1DA897F2A01D909
:10621C00A2692AB1A34202D0204600F0C1F923465C
:10622C006B6186F31188BFF36F8FEFF3118020231E
:10623C0083F31288BFF36F8FBDE87040FFF7A6BFE2
:10624C00640C0020024B03F11802C3E906227047CC
:10625C00640C002070B5EFF31186202383F31288B1
:10626C00BFF36F8F1B4CA168E0690B68814214BFB0
:10627C001A46002249680B605960A368E1692AB983
:10628C00154AC3E900210B60E3610CE093F90E00A1
:10629C0092F90E50A84218D0854216DD5168C3E918
:1062AC0000210B605360A5690B4B9D4200D005B9D2
:1062BC00E568A3689D4202D0284600F071F965613B
:1062CC003046BDE87040FFF7DFBD8A42D8D0126877
:1062DC00D5E700BF640C00207C0C0020F8B550EA18
:1062EC00010306460C4603D1FFF7B4FF0020F8BDAE
:1062FC00EFF31187202383F31288BFF36F8F124DB6
:10630C00124BA8681860FFF71BFEA868234632469C
:10631C000F49183000F0CAF9AA680446537B384676
:10632C0043F004035373FFF7AFFDAB68D3E90A23C3
:10633C00B3F1004F08BF002AD8D103F087FA201A16
:10634C0020EAE070D3E700BF640C0020840C00202E
:10635C004997000038B504460D46FFF7BFFFB5F16D
:10636C00FF3F08BFB4F1FF3F0246204618D0002380
:10637C004FF47A7447F611201946C2FB040147F614
:10638C001222904271F100020BD3084B834243F668
:10639C0008538B4107D347F612220023FAF768F80B
:1063AC0038BD1846FCE76FF00040F9E7ED85FFFFBC
:1063BC0038B50446EFF31185202383F31288BFF31D
:1063CC006F8F437B5B070FD5183003F017FA637B95
:1063DC00204623F004036373FFF770FD2946BDE8E4
:1063EC0038400448FFF7C0BE85F31188BFF36F8FA8
:1063FC0038BD00BF9A140020014B9868704700BF4D
:10640C00640C00202DE9F8430446077BEFF311855B
:10641C00202383F31288BFF36F8F437B190705D5B5
:10642C0085F31188BFF36F8FBDE8F883D90943F06A
:10643C0008025DD14273A36813B1204603F009F939
:10644C0004F1180003F0DAF9A66D04F15808B04510
:10645C0011D04FF0000976B1304603F0FAF806F18E
:10646C00180003F0CBF93046C6F88890FFF726FDEC
:10647C00A66DB045EFD1DFF8C080D8F808309C424B
:10648C003ED1EFF30589B9F1000918BF4FF00109AE
:10649C00D8F81860294A964200D00EB9D8F80C608A
:1064AC00B34202D0304600F07BF82046C8F81460A6
:1064BC0002F06FFAB9F1000F02D02148FFF7D8FCB7
:1064CC00D8F808309C4231D1EFF3058373BB227BA3
:1064DC00D20718D42846FFF7D7FCFB07A4D5002316
:1064EC0083F31188BFF36F8F0423184602DF9BE7F9
:1064FC0003F07F0343F00803437303F0A2F89AE719
:10650C004FF00009C4E785F31188BFF36F8F83F355
:10651C001188BFF36F8F0423184602DFEFF311804D
:10652C00202383F31288BFF36F8FD4E785F3118890
:10653C00BFF36F8FD1E700BF640C00207C0C0020F0
:10654C00E80800200122044BC01A044BC010584329
:10655C00034B1A54704700BF78090020ABAAAAAAB3
:10656C009A140020C3897F2B12D80A4B1B6863B185
:10657C00094B90F90E201B689A4209DB437BDB0622
:10658C0006D1064BC31A18BF012303F00100704754
:10659C000023FAE7D0010020880C0020C807002057
:1065AC0070B50E4B0E4C1E7C054606EB460304EBF9
:1065BC00C304204603F022F900220A4B28469A55C0
:1065CC00FFF7D0FF48B1084B2046BDE870401A6871
:1065DC000649013AD31700F069B870BD640C00206D
:1065EC00780900209A140020D00100205165000089
:1065FC0038B5EFF31185202383F31288BFF36F8F27
:10660C00104B114A9C681068A04206D1FFF7C8FFD6
:10661C0085F31188BFF36F8F38BD00211B7C11608F
:10662C000A4AD35C002BF3D02046FFF79BFF0028CF
:10663C00EED0637BDB0602D12046FFF7B9FC204687
:10664C00E4E700BF640C0020840C00209A140020A6
:10665C00024B1868984208BF00207047D4010020F4
:10666C00034B1B680BB9FDF775BC0020704700BFCE
:10667C008C0C002030B570B10B4B5B6898420AD083
:10668C00036843B1D3E90421D0E90445121941EB65
:10669C000501C3E90421D0E9003213605A600023DC
:1066AC00C0E9003330BD00BFD4010020B3F1FF3F7F
:1066BC0008BFB2F1FF3F2DE9F84F04469946154645
:1066CC001F467AD08160EFF31188202383F3128860
:1066DC00BFF36F8FB9F1000FDFF8E4A020DBFFF7F9
:1066EC00BFFFDAE90027013549F100092D1849EB04
:1066FC00E07306464FF00109C4E90453AD1843EBAF
:10670C000707FFF7A5FF0346DFF8B8E0DEF804A0A3
:10671C00EBB9C4E900EACAF80040CEF8044028E01E
:10672C006FF00103DAE900125B1A4FF0FF3161EBF5
:10673C0002025B1B62EB0902012B72F10001BCBF70
:10674C00012300224FF00009C0E90432D9E7D3E954
:10675C00041CD4E904208A4270EB0C0B24DA891A4D
:10676C005A686CEB0000C3E90410C4E900321460F1
:10677C005C60FFF76DFF84420ED1134B1B685BB955
:10678C00B9F1000F02D1FFF76BFF0646304603F05C
:10679C001EF80021FDF7EEFB88F31188BFF36F8F15
:1067AC0028463946BDE8F88F521A60EB0C009A4522
:1067BC00C4E90420ADD01B68AAE700252F46EFE7FB
:1067CC0090090020D40100208C0C00202DE9F0470A
:1067DC00EFF31185202383F31288BFF36F8FDFF85B
:1067EC00A0900026C9F800000027FFF731FFDFF862
:1067FC009480D9F80030D8E900ECD91750B1D0E921
:10680C000442A34271EB020A1BDAE41A62EB0102A6
:10681C00C0E90442002413EB0E034CEB01012046AB
:10682C00C8E90031C9F8004002F0D1FF2146FDF75C
:10683C00A1FB85F31188BFF36F8FBDE8F047FFF71D
:10684C00D7BE14EB0E024CEBE473C0E90467C8E945
:10685C000023FFF70FFF85F31188BFF36F8F836859
:10686C009847EFF31185202383F31288BFF36F8FC2
:10687C00D9F800301B1BC9F80030FFF7E9FEB8E768
:10688C008C0C00209009002010B5EFF3118420230C
:10689C0083F31288BFF36F8FFFF7E2FE0346054ABE
:1068AC00D2E90001181841EBE37184F31188BFF3AE
:1068BC006F8F10BD90090020F8B50546EFF31187D6
:1068CC00202383F31288BFF36F8F036823B187F300
:1068DC001188BFF36F8FF8BDD0E90A46611C46F1F1
:1068EC000002022972F1000236D3012C76F100026B
:1068FC00BCBF01241E46013C46F1FF3602F0AAFF44
:10690C00013041F10001001946EB0101012871F140
:10691C00000130DB02F09EFF6FF00203013041F109
:10692C000001001946EB010183426FF000438B41DB
:10693C0026DB02F08FFF013041F100016FF0010204
:10694C00001946EB01034FF0FF31121A61EB030300
:10695C0028461C49FFF7AAFE2B6B01332B632B6ACD
:10696C0093B93C462B4653F8185F9D4200D0D5B9DD
:10697C0084F31188ADE76FF001024FF0FF33E7E7C6
:10698C0000224FF00043E3E787F31188BFF36F8FCA
:10699C0028462B6A9847EFF31184202383F312883F
:1069AC00BFF36F8FDEE7284602F094FE0023C5F894
:1069BC00883084F31188BFF36F8F2846BDE8F84008
:1069CC0002F079BEC56800002DE9F04105461C4671
:1069DC0090461F46EFF31186202383F31288BFF3F2
:1069EC006F8FB4F1FF3F08BFB2F1FF3F05D186F3C3
:1069FC001188BFF36F8FBDE8F081002C09DB012AF1
:106A0C0074F10003BCBF0122002412F1FF3844F1E1
:106A1C00FF37284602F0F2FEDDE906010023C5E946
:106A2C000A012B6342463B4628460249FFF73EFECD
:106A3C00DDE700BFC5680000F8B50D4E0D4C0E4DDE
:106A4C0033680E48984767782B680C48984733682A
:106A5C000B489847022F08D12478E31F5C425C4115
:106A6C002B68074898472046F8BD0024F8E700BF7C
:106A7C0000020020900C0020FC010020A802002045
:106A8C009402002070B51D4E1D4C33681D4898476C
:106A9C002378590744BF23F00403237023789A0703
:106AAC0005D500F0C1F8237823F002032370164DAE
:106ABC0014482B689847336814489847637813B187
:106ACC00134802F01EFF002304211148637000F0EC
:106ADC00CBF82B680D48984733680A4898472378B9
:106AEC00DB0705D502F00AFF237823F0010323709E
:106AFC002B680448BDE87040184700BF0002002016
:106B0C00900C002094020020FC010020A802002020
:106B1C00940C00202DE9F041FFF78EFF18B10024F2
:106B2C002046BDE8F081364F36483B68984704460E
:106B3C0020B16FF08F04FFF7A5FFF1E7324D2B78F2
:106B4C00D80706D402F0D8FE04462B7843F0010394
:106B5C002B702E4E2B483368984710B1002CE8D080
:106B6C00E9E7002CE7D13B68264898470446002803
:106B7C00DFD12B78990706D400F04EF804462B7819
:106B8C0043F002032B7033681E4898470028E5D168
:106B9C00002CD0D13B681B4898470028C9D13368DA
:106BAC00184895F8008098470028C2D13B681848CF
:106BBC00984704460028BCD16B7843B918F0010FF4
:106BCC0005D0144802F09BFE022304466B70336818
:106BDC000F4898470028C1D1002CACD13B6809481C
:106BEC0098470028A5D12B7806485A075CBF43F07C
:106BFC0004032B7033689847002890D099E700BFA6
:106C0C000002002094020020900C0020FC010020C7
:106C1C00A8020020940C00200122024B002083F8D3
:106C2C0080257047980C00202DE9F0410A4C002576
:106C3C0026464FF0010803272046C4F8208027770A
:106C4C00013502F03CFE202D04F12C04F4D100237C
:106C5C0086F88035BDE8F081980C0020014B1B684C
:106C6C00184700BFDC01002010B50A46044619B1D4
:106C7C00024B00211B68984710BD00BFE0010020AB
:106C8C0010B50C4C206802F0DDFF0B4A1368591C40
:106C9C0011604BB9094A4820D2F8003443F007037D
:106CAC00C2F80034FBF750FC2068BDE8104002F03D
:106CBC00CFBF00BFE80100201C1200200080045050
:106CCC0038B5164D286802F0BDFF154B1C68013C09
:106CDC001C60ECB94820FBF745FC0722114BC3F8AC
:106CEC000823D3F8002422F00702C3F80024C3F8C9
:106CFC000041D3F80021C3F80441D3F804214FF428
:106D0C008072C3F80841D3F80831074BC3F88821C7
:106D1C002868BDE8384002F09BBF00BFE8010020A6
:106D2C001C1200200080045000E100E070B5114DF1
:106D3C00114E2B68B3421BD0FFF7A2FF00F0E0FC12
:106D4C000E4A0F4B0F4952F8040B43F8040B8B42BD
:106D5C00F9D100F013FD40B102F0E0FD0446FFF75D
:106D6C00AFFF04B92E60204670BD00F0D1FAF5E7F4
:106D7C000024F8E7E4010020117365007CAE0000EC
:106D8C0000C080511CD380514FF480732DE9F04723
:106D9C0096B0804603A80393002402F04BFE4FF0FC
:106DAC0010091E4E0DF12F0525F01F0506F1200AC6
:106DBC00012210211A4802F01CFE2B190093524696
:106DCC00102320211548CDF8049000F0DFFA074677
:106DDC00F8B9D6E90C321034013342F10002302CF0
:106DEC00C6E90C32E4D1B8F1000F04D0224641467A
:106DFC00284602F0F1FD2E46084C0FCE0FC496E843
:106E0C000F00203584E80F0095E80F00103484E85B
:106E1C000F00384616B0BDE8F08700BF9809002077
:106E2C00B8090020F0B5194D194FAB6B8DB0BB42B2
:106E3C0029D0184E306802F005FF40230022194675
:106E4C00284602F0E0FD3021684602F000FE0446C0
:106E5C0078B96846FFF798FF044690B9302302468C
:106E6C001946684602F0CFFD01220023C5E90C2328
:106E7C00AF63306802F0ECFE204602F04FFD0DB01F
:106E8C00F0BD0E24F5E70020F9E700BF98090020BB
:106E9C00B4A5B4A5EC0100202DE9F04F99B00DF18B
:106EAC00570802F10F0982460E46144628F01F08B7
:106EBC004FEA191922B100296DD0B2F5803F6AD87A
:106ECC00364F374D386802F0BDFED5E90C3213430E
:106EDC000BD15046FFF7A6FF834630B1386802F05D
:106EEC00B7FE584619B0BDE8F08FD5E90C2319EB65
:106EFC00020243F10003B3F5803F14D3302102A802
:106F0C0002F0A5FDE8B902A8FFF73EFF8346002872
:106F1C00E4D130230246194602A802F074FD002287
:106F2C000023C5E90C234FF4807302A8029302F0EE
:106F3C0081FDDFF870A03CB92046FFF725FF8346A2
:106F4C00CCE76FF0920BC9E7102C4FF001024FF019
:106F5C0010015046A14628BF4FF0100902F049FD20
:106F6C00102352462021CDE900830D4800F00EFA83
:106F7C0083460028B2D14A463046414602F0EEFE26
:106F8C00D5E90C32013342F10002C5E90C32A4EB15
:106F9C0009044E44CFE76FF0860BA2E7EC0100200A
:106FAC0098090020B80900200022074BC3F81021D3
:106FBC00C3F80C21C3F80021C3F80421C3F808213D
:106FCC00C3F81421704700BF0050045008B5FFF7F8
:106FDC00EBFF01230360104B0A6832B9D3F80C2184
:106FEC001AB9D3F80821002AF6D00B687BB90B4BE1
:106FFC0099420ED0A3F58473D3F80831002B0CBF43
:10700C004FF0FF306FF00200FFF7CEFF08BD0020FD
:10701C00FAE74FF0FF30F7E70050045008510450E6
:10702C0038B505460C4691B10021012002F022FA38
:10703C0008480949C0F80055C0F80445FFF7C6FFD9
:10704C0000210446084602F015FA204638BD6FF0C0
:10705C000104FAE7005004500051045010B50446E6
:10706C000021012002F006FA064B0749C3F800453F
:10707C000648FFF7ABFF00210446084602F0FAF978
:10708C00204610BD005004500851045008500450C4
:10709C0038B50C4659B1074D0749C5F800050748E6
:1070AC00FFF794FF10B9D5F80835236038BD6FF0A1
:1070BC000100FBE700500450105104500C500450D8
:1070CC002DE9F04F89B006460F4690461D4602F05A
:1070DC0012FD044678B973690090C3F3013262F370
:1070EC0005148DF8004014F0300408D1B1688907FC
:1070FC0010D06FF08604204609B0BDE8F08F102C3C
:10710C0008D1BDF8023023F4F87343F4A873ADF83A
:10711C0002304EE0DBB2F82B02D06FF08504EAE7C8
:10712C0000234FF0010B9E4619461846D6F808C0AE
:10713C00DFF8CC9159F804AB1CEA0A0F08D00BFA13
:10714C0000F343EA0E0303F07F0E012341EA0A0128
:10715C0001300728EED12BB19DF803306EF34703B5
:10716C008DF803303CEA0101D7D17388FF2B35D061
:10717C0005D8802B34D0C02BCFD1022303E0B3F53C
:10718C00807FCAD104239DF8021063F306118DF899
:10719C00021014B91CF0030FABD13379022B2BD096
:1071AC0020D8012BA5D1BDF8021063F3C811ADF89E
:1071BC000210012A6FD0032A23D0002A99D13388D8
:1071CC00B3F5105FA9D1182D6DD0202D70D0102DD6
:1071DC008FD1DFF830A101251F261AE00323D2E757
:1071EC000123D0E7032B01D0FF2B82D10221BDF864
:1071FC00023061F3C8138AE7BDF8023043F4C07360
:10720C0085E7412D3DD104254F26DFF8FCA008F180
:10721C0001080024381902F042FC00286CD001341B
:10722C00AC42F7D11F2E07D02946384602F04BFC52
:10723C00044600287FF45FAF009B4FF0FF390793A3
:10724C0000239B46CDF818A0BDF802204344C2F39E
:10725C00C112059201AC03F1100C22461868596852
:10726C00083303C263451446F7D101A907EB0B00A1
:10727C00FFF7D6FE044630B302F03DFC6FF09204EB
:10728C0039E7182D19D0202D1AD0102D7FF431AFDD
:10729C00DFF874A09FE7302D7FF42BAF03253F263A
:1072AC00DFF868A0B5E7DFF85CA002252726B0E779
:1072BC00DFF850A002252F26ABE7DFF84CA0F4E74F
:1072CC00DFF844A0F6E71C2101A80BF1010B02F03A
:1072DC00A5FBAB4506D00AEB0B12CDE906294FEA0C
:1072EC000B13B1E71F2E3FF406AFBA20FFF7B6FE23
:1072FC0000283FF400AFC1E76FF08A04FBE600BF43
:10730C0098C10000400081510000002010840450FE
:10731C0010B590B01C22002101A802F02CFDF82021
:10732C0002F0BDFB08B3202200200DEB0201FFF799
:10733C00B3FD0446F8B901A84FF4807102F0B9FB13
:10734C000E4B0F4904930F4BCDE901130E4BF82153
:10735C00069320230DEB0302FFF7B2FE2021044617
:10736C000DEB010002F05AFB05E0F92002F097FB4F
:10737C000028D8D10446204610B010BD0010C0041F
:10738C0000240001014B4E80F800FF7F2DE9F341F2
:10739C001D464FF48073284C8046002017460E463D
:1073AC00019300F037F901AB23601123234A01212B
:1073BC00C4E9022304F11003636040F61103E36196
:1073CC0004F1200363612123089AE3621C4B46F00D
:1073DC0000561A60099A45F0005542F00052C3E974
:1073EC0001122022C4F81080A6612762A562616296
:1073FC00DA60BFF35F8F4FF0A3421460BFF35F8F6F
:10740C00BFF35F8F1361BFF35F8FBFF35F8F0323F6
:10741C005363BFF35F8FBFF35F8F9363BFF35F8FD4
:10742C0002F0ADFB431C0446FAD0002000F01CF91E
:10743C00204602B0BDE8F08130120020040000208C
:10744C0020120020BFF35F8F094A1368BFF35F8FD0
:10745C0043F48071BFF35F8F1160BFF35F8F23F430
:10746C008073BFF35F8F1360BFF35F8F704700BFF4
:10747C000010805108B5FFF7E5FFBFF35F8F064A98
:10748C001368BFF35F8F43F00103BFF35F8F13608B
:10749C00BFF35F8F08BD00BF0010805170B5002690
:1074AC00C0E9006605460C46FFF7EAFB01232B708A
:1074BC00FFF7C8FFBFF35F8F204BDB68BFF35F8F15
:1074CC009B08013BACB3226842B19A4205D9FFF745
:1074DC00F7FB6FF03F002E7070BD1346D4E9011519
:1074EC00E068002908BF4FF40071002808BFF120A4
:1074FC002469BFF35F8F114A9360BFF35F8FBFF3B3
:10750C005F8F1564BFF35F8FBFF35F8F5064BFF362
:10751C005F8FBFF35F8F5163BFF35F8F44F48024A1
:10752C0044F00104BFF35F8F1460BFF35F8F002042
:10753C00D2E74FF40071F1202546DAE700108051B4
:10754C0070B503780D461446002B53D0BFF35F8FF4
:10755C002D4A136BBFF35F8F5908C3F34203052BFE
:10756C004BD011F0060F02D14FF0FF3070BD4368C5
:10757C00D3B9BFF35F8F5368BFF35F8F032BF3D97E
:10758C00224B2349BFF35F8FD2F88060BFF35F8F2C
:10759C00BFF35F8F43F8046BBFF35F8F8B42F1D166
:1075AC00FFF768FF01234360BFF35F8F164B9A68A8
:1075BC00BFF35F8F0132B4EB021F21D8BFF35F8F93
:1075CC005A68BFF35F8FB4EB820FCDD884B1BFF391
:1075DC005F8FD3F88020BFF35F8F291D05F8012B37
:1075EC008D424FEA122204F1FF34EFD0002CF5D17A
:1075FC000020BBE76FF02000B8E76FF05100B5E753
:10760C006FF03F00B2E700BF0010805110108051A6
:10761C002010805110B50446FFF732FB104B186850
:10762C0002F010FB0CB101232370BFF35F8F4FF0FE
:10763C00A3430022DA61BFF35F8FBFF35F8F4FF07C
:10764C00FF321A63BFF35F8FBFF35F8F3422DA61AF
:10765C00BFF35F8F0122034BC3F8042310BD00BF9F
:10766C00F00100200080045010B5044638B9FFF733
:10767C0027FBBDE81040074B186802F0E9BA037805
:10768C003BB1FFF71DFB034B186802F0E1FA002336
:10769C00237010BDF001002038B5164CD4F8005101
:1076AC00C5B1BFF35F8F4FF0A343996ABFF35F8FF0
:1076BC00BFF35F8F4FF0FF321A63BFF35F8F00236E
:1076CC00C4F80031D4F800310B4B1868BDE83840D1
:1076DC0002F0D1BAD4F8083153B100F06DF802F0D1
:1076EC007FFAC4F80851D4F808310121034BECE7B8
:1076FC0038BD00BF00800450F8010020F4010020C8
:10770C0008B5074B186802F0A5FA064B186802F08A
:10771C00A1FABDE80840002248201146FAF744BF00
:10772C00F8010020F401002038B5094B1C7864B135
:10773C00084B4FF0FF311D68284602F08DFA4FF0D0
:10774C00FF310446284602F094FA204638BD00BFAB
:10775C0099140020F801002010B5064C236D3BB99C
:10776C00214651F8503B986902F03EFA01232365FB
:10777C00014810BD60120020B012002038B5002462
:10778C000B4D0C4BEC662B6003F5C0436B60FFF7A5
:10779C00E3FF50B16B6D2046B3F5007FCCBF4FF4C7
:1077AC0080634FF40073AB6038BD0E20FCE700BF64
:1077BC0060120020002080510048704760120020A9
:1077CC002DE9F0434FF0000985B00546CDF8049043
:1077DC0000F10C07EFF31188202383F31288BFF319
:1077EC006F8F8368594003EA02060A4053400E49E2
:1077FC0001AACDE9023901F0C8FF019C3CB1204639
:10780C00C4F888900021246E01F075FFF6E7DDE9DD
:10781C00023223EA020338464146AB60FEF7A4FC71
:10782C00304605B0BDE8F0830D9D00000CB430B5BA
:10783C0089B005460C461C22002101A802F09BFAD7
:10784C00022305958DF806300D4B029323462CB17F
:10785C00B4F1004F28BF4FF00043013B1D440DAA6B
:10786C000C9901A80695009200F00CF814B1059B38
:10787C0000221A7009B0BDE8304002B0704700BF5A
:10788C00579E00002DE9F04F43688DB01546804699
:10789C00029383789A0740F10D8100240E78002E14
:1078AC0000F00A81252E0BD04B1C0393013441466A
:1078BC003046029B98470028C0F2F6800399EDE70A
:1078CC004E788B1C252E0393F0D00027B946BB466F
:1078DC00BBF11F0F38D8A6F12003102B0AD8DFE814
:1078EC0003F02A0909300909092109090928092D78
:1078FC0009091F00A6F13003092B33D92A2E37D1E1
:10790C001BF0400F55F8043B40F08280002BA7BFC2
:10791C004BF0200B9946C3F100094BF0280B01E00A
:10792C004BF0010B039B13F8016B0393002ECFD18B
:10793C0030E04BF0020B4BF0040BF3E74BF0080B71
:10794C00F0E74BF0100BEDE7BBF17F0F19D8A6F168
:10795C003003092BD2D81BF0400F03D00A2101FBB6
:10796C000737DFE70A214BF0200B01FB0939D9E778
:10797C002E2E06D11BF0400F40F09E804BF0400B9A
:10798C00D0E76C2E31D02BD8682E36D06A2E3CD056
:10799C004C2E3AD0002F46F02003B8BF2BF04002FB
:1079AC00A3F16501BCBF00271FFA82FB022901D994
:1079BC00612B2FD107350727DFF8ACA225F007057F
:1079CC0008351BF0080F66D00AEB070B56465E45D0
:1079DC0063D1A4EB0A0AA9EB070906EB0A026FE1D3
:1079EC00742E9FD07A2E9DD0D4E71BF0800F18BF39
:1079FC004BF4007B4BF0800B94E71BF4807F18BF9B
:107A0C004BF4007B4BF4807B8CE74BF4207B89E7B9
:107A1C001F4687E7A6F16301122900F2F080DFE828
:107A2C0011F013004F00EE00EE00EE00EE004F00E0
:107A3C00EE00EE00EE00EE00EE00FE00E900EE00BF
:107A4C00EE001B00EE00AF0055F8043B01270DF1D2
:107A5C00180A8DF81830B4E755F804AB834BBAF11B
:107A6C00000F08BF9A461BF0400F504614BF394612
:107A7C004FF0FF3102F087F90746A2E7414620207C
:107A8C00029B984700280FDB013EB742F6D34C44CB
:107A9C00B146A41B98E74E46F7E7414616F8010B92
:107AAC00029B9847002892DA98F8023043F00403BE
:107ABC0088F802304FF0FF3420460DB0BDE8F08F4F
:107ACC001BF0800F34D01BF4007F2CD0073525F031
:107ADC000705AA4669685AF8080B2BF0100500290F
:107AEC00ADB237DA404245F4806561EB41010DF1EE
:107AFC00180B0A235A4602F052F9A0EB0B03019320
:107B0C006B0662D5019B25F001019F4289B240F3BF
:107B1C00A180002E00F0998015F0100240F09C809E
:107B2C00BB460D4623E0AA465AF8040BC117D4E70E
:107B3C00AA461BF4807F5AF8041B01D10846F5E7CE
:107B4C001BF4007F19BF48B241F3C01108B241F3D6
:107B5C00C031C2E750EA0103C9D11BF0400FC6D0B7
:107B6C00002FC4D12BF01102BB46019795B240F205
:107B7C00064115EA01021CBF0BF1010B00222CE09F
:107B8C002BF010020A231FFA82FB1BF0800C49D049
:107B9C001BF4007115BF0735AA4625F007055AF8E6
:107BAC00040B1EBFAA4669685AF8080B50EA010577
:107BBC0045D12BF016051BF0400FADB242D0002F73
:107BCC0040D12BF01702019795B215F0100248D056
:107BDC00019B002E42D103F1010B29075AD4EB076C
:107BEC0006D5D9456FDDA9EB0B030199CB465F1880
:107BFC005B4649E04BF0100B10237826C5E7782B39
:107C0C0004D1C6F1780343F01003BEE741462520AA
:107C1C00029B98470028FFF647AF023447E608233B
:107C2C000026B2E7AA461BF480715AF8040BBDD0AB
:107C3C001BF400711ABFC0B2614680B2B6E72BF0DC
:107C4C00060295B20DF1180B54E725F01105BB4651
:107C5C00ADB28CE70D46B8E73B460D4603F1020B7F
:107C6C00BBE7DDF804B082E7CDCD0000C6CD000047
:107C7C00CDE9043241462020029B98470028FFF6AC
:107C8C0013AF049B059A01339945F1DCA4EB0B016E
:107C9C009B46CC180AB341463020029B98470028DB
:107CAC00FFF602AF8EB901342744391B019B994270
:107CBC0024DC1D4655BB019AA9EB0B095546224401
:107CCC001446914433E0019F92E70234414630461A
:107CDC00029B98470028E7DAE6E640F206410D429F
:107CEC00E2D015F0020F04F10104414614BF2B2021
:107CFC00202015F4806F18BF2D20E9E74146302075
:107D0C00029B013498470028CFDACDE606AB013D43
:107D1C004146585D029B98470028CBDAC4E64146A1
:107D2C002020029B013498470028FFF6BDAEA9EB3A
:107D3C000403002BF3DCC1E57047836800EBC10141
:107D4C00B3F5004F2CBF51F8220031F812007047E8
:107D5C0000EBC1018068B0F5004F2CBF41F8223018
:107D6C0021F812307047012208B5FFF7E6FFD0402A
:107D7C0008BD836800EBC101B3F5004F08D34B6815
:107D8C001AB143F001034B60704723F00103FAE78B
:107D9C004B881AB143F001034B80704723F0010369
:107DAC00FAE753000122FFF7D3BF8368481CB3F5F1
:107DBC00004F34BF042308230833A0EBD300B0FAE0
:107DCC0080F0C0F11F0070472DE9F0410D46866828
:107DDC000446FFF7C8FFB6F5004F014601D3012852
:107DEC0032D02046FFF7E1FF04EB80010E6996B913
:107DFC000122E36882401343E36002220D612B46AB
:107E0C0029462046FFF7A4FF032229462046BDE859
:107E1C00F041FFF79DBF022231462046FFF78DFF50
:107E2C000746034629462046FFF792FF03223346B6
:107E3C0029462046FFF78CFF39462B462046FFF794
:107E4C0087FF02223146E1E7BDE8F081B2F5802FD1
:107E5C002CBF082304232DE9F0410026D21A8C18DC
:107E6C00CD1D25F0070524F00704641BE40805600C
:107E7C0021462846AC60EE60FFF797FF421D92004A
:107E8C00013002F107074FEAD7073146A2F1100281
:107E9C0005F11000B8BF324601F06DFF3A4631468D
:107EAC002846FFF77EFF3346324631462846FFF719
:107EBC004FFFA4EB0708284631460122FFF759FF74
:107ECC0042463946FFF76DFF3B4632463946284657
:107EDC00FFF73EFF21462846FFF763FF4346324635
:107EEC0021462846FFF734FF214628460122FFF79A
:107EFC0040FF3946BDE8F041FFF766BF2DE9F0477A
:107F0C0006460D46174698462BB34FF0000A98F8D4
:107F1C00004093F80190DB78A40004EB430498F83C
:107F2C0002301C444444CA4509D339463046AC4659
:107F3C00D8F8042008F10803BDE8F047604714F8AE
:107F4C00013B0AF1010A204648F82340F8F7AAFA47
:107F5C0001300444E7E76FF01500BDE8F08770B519
:107F6C00002502462846144614F8013B0BB9184666
:107F7C0009E098B18D4207D1702B04D0A3F14002D7
:107F8C003A2A0BD8002070BDA3F140063A2E05D832
:107F9C0053780135941C002BE9D00020252B224668
:107FAC0008BF80F00100DEE7002070470FB407B572
:107FBC0004A951F8040B019100F066FB03B05DF8C5
:107FCC0004EB04B0704710B50369024613F00800C7
:107FDC0009D11368D4689C429BBF0120126AE31A32
:107FEC00D31A0B6010BD00231846FAE713B501A98C
:107FFC000446FFF7E8FF20B1019BE268013B134404
:10800C000193206A019BC01A013802B010BD10B553
:10801C00044650182269236AD20702D5013B184046
:10802C0010BD984228BFC01AFAE710B504460A469C
:10803C00C168FFF7ECFF2369E06023F008032361BC
:10804C0010BD38B50D46C2698B00016843F00203C0
:10805C00044642F8213001682A46FFF7D8FFE3684E
:10806C006168984208BF2369206008BF43F0080389
:10807C002A46204608BF2361FFF7C9FF606038BD60
:10808C002DE9F74FC768C6699B4606EB870300933B
:10809C0016F82730044603F00303022B884691465A
:1080AC004FF000030BD01360CBF8003023699B0713
:1080BC0013D44FF0000A504603B0BDE8F08F56F8C9
:1080CC00271013608908CBF80030EFD0FFF7ADFF15
:1080DC00E368A3604FF0010AEDE7A36906EB8700A4
:1080EC00984716F82720054612F0010AE1D012F045
:1080FC0002021FD0B8F1000F03D041462046FFF713
:10810C00A0FF61682A462046FFF781FFD4E90221CF
:10811C009142606006D12A462046FFF778FF4FF067
:10812C00000AA060A2682260E260226942F00802A4
:10813C002261C0E7014620460192FFF776FFE36813
:10814C00A360B8F1000F04D02168E369019A43F8E9
:10815C00212005EB0802CBF8002021682046FFF710
:10816C0056FF2369206043F00803236116F827307B
:10817C006FF3000306F82730009BC9F80030A9E71D
:10818C0070B504461546FFF742FF2368834205D1BC
:10819C002369216023F00803236170BDE269AB0001
:1081AC0043F0020342F8213061682A462046FFF76B
:1081BC002EFF6060F1E738B5036904465B0706D50E
:1081CC00456AFFF713FF85422CBF6562606238BDBC
:1081DC0038B50D4604461C22002101F0CCFD0022CE
:1081EC00EB68A361AB6863612B68E3616B686262E7
:1081FC0023622A6923B1591E194208BF42F00102B9
:10820C002261012204F128000021BDE8384001F070
:10821C0001BA2DE9F04F002587B00093036A04469C
:10822C008B420E469246A9460395059539D3EFF33A
:10823C00118B202383F31288BFF36F8F059AD846D6
:10824C002AB129462046FFF79BFF0023059304A97A
:10825C002046FFF7B8FE04990746B1422AD322689C
:10826C00E369204613F8221003EB820921F0030185
:10827C0003F8221021683246FFF7C9FEE36820603C
:10828C00984212D0002788F31188BFF36F8F03999F
:10829C0029B162690AB12046904700230393002F4D
:1082AC00C5D1484607B0BDE8F08F236943F00803F9
:1082BC002361E7E718B12046FFF7C3FEE3E7009B15
:1082CC005AEA03021CD0019101F0B0F90199B8B936
:1082DC00BBF1000F14D187F31188BFF36F8F524697
:1082EC00009B04F12800FDF7F7FCEFF31188202325
:1082FC0083F31288BFF36F8FB0FA80F77F09C2E760
:10830C00204605AB03AA2568FFF7BAFE0746BAE775
:10831C0070B50446836908460D4698470246EFF34C
:10832C001186202383F31288BFF36F8F2B7820469E
:10833C0043F001032B706168FFF769FE6060204613
:10834C00FFF739FF86F31188BFF36F8F70BD2DE9EE
:10835C00F04104462027EFF3118687F31288BFF310
:10836C006F8F236913F0080FA36802D162689342E0
:10837C0000D9226AD21AE16932B986F31188BFF3A7
:10838C006F8F4FF0000833E011F8232001EB8308C6
:10839C0012F00300F1D0022803D151F82350AD089C
:1083AC0005D1D00712D44046A36998470546A16869
:1083BC002A462046FFF72BFE2946A0602046FFF7F1
:1083CC0034FE86F31188BFF36F8FC4E742F00202CC
:1083DC0001F82320A3694046A56898472946024620
:1083EC002046FFF714FEA06086F31188BFF36F8F51
:1083FC004046BDE8F081F8B50446836908460D4651
:10840C0098470646EFF31187202383F31288BFF3B6
:10841C006F8F2B786FF300032B7023699B0705D5A7
:10842C00E268E36903EB82039D421AD12B786FF368
:10843C0041032B70D4E90231994204D132462046D3
:10844C00FFF7E5FDA06031462046FFF7EEFD87F310
:10845C001188BFF36F8F04F12800BDE8F840FDF7D9
:10846C0007BC2B6860F39F032B60F0E7EFF31181DF
:10847C00202383F31288BFF36F8F036913F0080F67
:10848C00836802D14268934200D9026AD31A81F3FD
:10849C001188BFF36F8F181E18BF01207047038B14
:1084AC0013F0070305D10368002B0CBF0020032039
:1084BC007047022B05D1408BB0FA80F04009800048
:1084CC007047012B05D10368002B0CBF0020052041
:1084DC0070470020704710B50C4600B111B96FF011
:1084EC00150010BD081D00F093F80028F9D1A36801
:1084FC00032BF6D9F3E72DE9F0410D460746194653
:10850C00281D90461E4600F094F8044638B13346B8
:10851C00424629463846A446BDE8F0416047BDE8CE
:10852C00F08110B4EFF31182202484F31288BFF38E
:10853C006F8F416110BC0121F8F770BD38B50C4646
:10854C00054658B151B10B6843B14B6833B11C228D
:10855C00002101F010FC00202C6138BD6FF01500DB
:10856C00FBE770B505460E46FFF7B5FF041E14DB9E
:10857C00EFF31182202383F31288BFF36F8F4FF632
:10858C00FF716B8B2C8B8B4204F0070407D182F3A9
:10859C001188BFF36F8F6FF00A04204670BD022C58
:1085AC000CD101336B8382F31188BFF36F8F0023DF
:1085BC00224631462846FFF79EFFEEE7062C14D8DC
:1085CC00DFE804F004131313041A040000233360CF
:1085DC006B683BB9C5E90066ACB902212846F8F7CF
:1085EC001DFDDAE71E606E60F6E782F31188BFF3BB
:1085FC006F8F6FF00404D0E782F31188BFF36F8F95
:10860C006FF08504C9E782F31188BFF36F8FC4E75D
:10861C00034658B1426802F00302012A03D0032A30
:10862C0004D1026812B10020986070476FF01500F9
:10863C0070474268034602F00302032A4FF000021F
:10864C00816014BF104600685A6070477047037809
:10865C005B075FBF03684288C3F34A2303EB121026
:10866C005DBF173020F00700800800207047002005
:10867C00704700F0FABD0346D3E8EF0F421CC3E885
:10868C00E12F0029F8D170471FB50023CDE9020175
:10869C001A4619461846CDE90033F9F7EBF805B040
:1086AC005DF804FB0120F8F79DBE0020704743687D
:1086BC00DA7101224368196043685A71F8F784BE75
:1086CC0070B515460C4669B1D2E901369B1B99422F
:1086DC000AD813680A460146981901F03FFBAB68AB
:1086EC002344AB60204670BD6FF01B00FBE770B5F8
:1086FC000E4615461946044618B9BDE87040F8F701
:10870C0071BE33B1C2F34A231030120D184401F07C
:10871C0025FBC4E900562046BDE87040F9F706B8C1
:10872C002DE9F3415F1C4FEA8708064608F1170054
:10873C0020F0070080080C461546F8F7CFFE002302
:10874C008DF80470ADF805308DF8073068B103462C
:10875C00019AA8F1040143F8102F2A46294452F833
:10876C00045B8A4243F8045FF9D100233146A2012D
:10877C0002F4E07242EA482222F07F4222F47002B4
:10878C0022F03F0202B0BDE8F041FFF7B0BF07B5E1
:10879C000123019201AAFFF7C3FF03B05DF804FBAC
:1087AC0007B5CDE9002302236A46FFF7B9FF03B0F2
:1087BC005DF804FBF8B506460D4614461F4604B991
:1087CC00F8BD214628463A46B047241A0544F6E738
:1087DC0010B542680446D2E9002381680068FFF7AF
:1087EC00E9FF002263681A6010BD38B54B68054676
:1087FC001A68CB680C469A4202D10846FFF7E8FF8C
:10880C006368D3E8EF2F511CC3E8E01F0028F8D1B0
:10881C00A36800209D5438BD0A2838B504460D467F
:10882C0002D10D20FFF7E1FF29462046FFF7DDFFBF
:10883C00002038BD2DE9F043054687B008460E8868
:10884C0091F800900C46D1F808801746F9F762F8B9
:10885C00011EC6F38216C9F3C2091EDB4846F8F79F
:10886C0077FF0346214651F8102B6088C2F34A2249
:10887C00002A01EB020408BF00210022C0F30B10F8
:10888C00CDE90407CDE90214284641460196009231
:10889C00F9F76CF807B0BDE8F0830023E2E7436812
:1088AC0000201B685B681961704743681B681A6875
:1088BC0052685360704743681B681868F9F7C0B971
:1088CC0070B543680C461D686B681869F8F766FD4F
:1088DC00214603460F222868BDE870401847036AFA
:1088EC001BB11B7900200B7070476FF0570070475D
:1088FC00036A3BB1DB682BB11B6A1879B0FA80F0C4
:10890C00400970470120704770B5056A04460E4651
:10891C000DB103232B712046FFF7EAFF98B1032119
:10892C002046B047002802DA10F1860F0BD1012146
:10893C0025B920463346BDE87040184720462971BA
:10894C00B04700232B7170BD036A1B7903F0FD0344
:10895C00012B14BF6FF00F000020704701F00BBA11
:10896C0001F0FCB901460068F9F76ABA08B5F9F7E5
:10897C00C3FABDE80840F9F7E3BA0A460121FFF74C
:10898C0006BF00210120F9F75BBA036F83F30B8854
:10899C0070476FF08500704761B662B680F311883E
:1089AC00BFF36F8F704772B6002383F31188BFF348
:1089BC006F8FBFF34F8F30BF62B6BFF36F8F7047AF
:1089CC0072B6002383F31188BFF36F8FBFF34F8F01
:1089DC0020BF80F31188BFF36F8F62B6704740E8F9
:1089EC0000F313F4803FD8B208BF6FF01500704746
:1089FC0030B50C684B6885B00A894D890094013BF1
:108A0C0024F01F04234402F01F0242EA451223F013
:108A1C001F0369468DF808200393F9F797FE05B0FC
:108A2C0030BD08B5D1E904319847002008BD08B520
:108A3C00FAF780F8002008BD0C220369C9B201FBCB
:108A4C000233186C00F00700704770B5C9B20369A7
:108A5C00EFF31185202484F31288BFF36F8F0C265B
:108A6C0006FB0134246C14F0C00408D0A24206D0DA
:108A7C0085F31188BFF36F8F4FF0FF3070BD01226B
:108A8C0071430B441A6485F31188BFF36F8F4368ED
:108A9C000B445B6898470020F0E78022FFF7D5BFB6
:108AAC00F8B5069F0469C9B2EFF31186202585F34A
:108ABC001288BFF36F8F0C2569430C44256C05F0AD
:108ACC00070CBCF1010F0BD1276486F31188BFF39F
:108ADC006F8FC4E90E2343685B5898470020F8BD9C
:108AEC0005F0C005AF4286F31188BFF36F8F0CBF42
:108AFC006FF077004FF0FF30F1E713B5802400944E
:108B0C00FFF7CEFF02B010BD10B41C240069CBB22D
:108B1C0003FB0400002110BC10470020FBF7EEBB48
:108B2C00002000F0C3BB1046FDF7A2B8022804D009
:108B3C00042804D10020FAF70DB90120FBE7704797
:108B4C00436800205B68DB680B607047436802EA8F
:108B5C0001005B6821EA02015860002099607047AF
:108B6C00436800205B6859607047436800205B686D
:108B7C009960704743685A68136821EA03000B40F8
:108B8C00506000209360704710B503695868F8B1C5
:108B9C00884219D19C680868A142586000D198603D
:108BAC00002008602AB15A680A609A68596002B9B4
:108BBC009960002010E0814206D108682060986816
:108BCC008142EDD19C60EBE7044600680028F2D1AD
:108BDC00002AE8D16FF0150010BD01298CBF6FF091
:108BEC008500002070474368586A70472DE9FF41A3
:108BFC004468CDF808D0E07FA57F50436843A36953
:108C0C0020F06040CDE90030012002EB4202267FCB
:108C1C00677F03900A448A4236D1214651F8040BEF
:108C2C00836802AA1D680023A8470546208D00F022
:108C3C009FFD284604B0BDE8F081206A10F80C00B6
:108C4C00032824D8DFE800F003021C1E08784FF03C
:108C5C00070C20FA0CF818F0010F0CBFB846B04600
:108C6C00082D08BF03F8018BBCF1010CF1D20EF1F9
:108C7C00010EE07F5FFA8EFC6045DED80331CAE757
:108C8C004878E4E78878E2E74FF0000EF1E76FF000
:108C9C001505CEE730B543681360057A446804EBDC
:108CAC00C504A34202D36FF0010030BD5C798C4245
:108CBC0001D00833F0E70020F7E748B11F302CBF94
:108CCC0001210021400940EAC1604909FDF742BB7E
:108CDC00704710B50469204600F095FC00236361D1
:108CEC0010BDF8B5876806467C689CB1436893F85C
:108CFC002630DB071DD405694FF0FF334FF0FF32F0
:108D0C002846FCF7EDFE6B69002B05DC0024284699
:108D1C00FCF75EFF2046F8BD013B6B61002BF5D1E3
:108D2C007B6830469847041EBEBF6B6901336B618C
:108D3C00EDE70024EEE7F0B4D0E901631B693BB129
:108D4C0077688F4208DB3568954205DCF0BC184724
:108D5C006FF05700F0BC70476FF01500FAE7F0B4F5
:108D6C00D0E901631B6A3BB137698F4208DBF568B8
:108D7C00954205DCF0BC18476FF05700F0BC70470B
:108D8C006FF01500FAE770B4D0E90162956A0346FA
:108D9C000C46A5B196F8242012B92B4670BC184786
:108DAC00306A024410F8011BA14202D12146184638
:108DBC00F3E79042F6D16FF0850070BC70476FF00E
:108DCC005700FAE72DE9F3410E46D0E9014794F834
:108DDC0025108046FF2905690FD194F82610C1F3A0
:108DEC008101022914D0D8F8083000391B6B18BF48
:108DFC0001214BB96FF0570003E0FFF7C4FF0028C7
:108E0C00EBDA02B0BDE8F081404698470028F8DB69
:108E1C00A268B2F1004F05D011464046FFF78BFF18
:108E2C000028EEDB6269B2F1004F05D011464046D6
:108E3C00FFF795FF0028E4DB2368B3F1004F14D053
:108E4C00D8F808305B69002BD4D0404601A998476C
:108E5C000028D6DB2268019B9A421CDD1146404655
:108E6C00FFF769FF002805DACBE76FF00043626873
:108E7C009A42E5D19EB994F826309B0716D040460D
:108E8C003B6898470028BCDBA069FFF716FF6B69AD
:108E9C0001336B610AE062689342EBDDDEE76B69DC
:108EAC0001336B6194F82630DA0601D40020A8E770
:108EBC004046FFF716FFA4E7012303FA01F103690B
:108ECC001B68194218BF82F0010212B18368DB687B
:108EDC00184783681B69FBE708B54368986A38B183
:108EEC00012293F82C10FFF7E7FF00EAE07008BDB1
:108EFC006FF08500FBE743681868B0F1004018BFBD
:108F0C00012070470346084631B95B681B68B3F112
:108F1C00004F01D0136070476FF015007047436825
:108F2C00986A20B1002293F82C10FFF7C5BF6FF0A0
:108F3C008500704743681B68D3F83031704743682D
:108F4C001B68D3F88004C3F8800470474268136828
:108F5C00D3F84C0150B10020926A12780A70C3F811
:108F6C004C01D3F84C2101229A6270474FF0FF302C
:108F7C00704713B501AA0446FFF78CFE002805DBE9
:108F8C00019B226819791868FAF74EFA02B010BDE5
:108F9C0010B5044600220121C720F9F705FBC720B4
:108FAC00F9F7D2FA2046BDE81040FAF779BB10B5B4
:108FBC00044600220121C620F9F7F6FAC620F9F77B
:108FCC00C3FA2046BDE81040FAF76ABB0129F8B590
:108FDC00054622D143680021D868FFF7CAFF6D68A7
:108FEC000021E8682C68FFF7C4FF0823C4F800359B
:108FFC0095F82C3013B12846FAF73EFB2A7A52B971
:10900C00AB6AC4F804370123C4F80837C4F84C2100
:10901C00D4F84C21A3620020F8BDA9BB4668346883
:10902C00D4F85031B3B10123E362D4F82431002BCE
:10903C00FBD00023C4F85031D4F85021C4F82431AB
:10904C00D4F82421C4F84C31D4F84C21C4F8143190
:10905C00D4F814316B684FF47A751F68D7F8303137
:10906C0023B9012000F020F9013DF7D196F82C30FE
:10907C0013B13046FAF700FB0121F068FFF779FFD6
:10908C000023C4F80035C6E76FF08500C4E7FFF78E
:10909C007EBB07B50DF10701FFF721FC9DF80730EA
:1090AC0003F0FD03012B14BF6FF00F00002003B081
:1090BC005DF804FB002201214A20F9F775BA10B5BE
:1090CC000B6813B91846136005E003685C681CB1A3
:1090DC0014600368186810BD083303600B68013B0B
:1090EC000B60EDE713B501AA0446FFF7D3FD00288A
:1090FC0005DB019B226819791868FAF795F902B01B
:10910C0010BD03460A4619790123006803FA01F1E0
:10911C0003691B68194218BF82F0010212B18368FF
:10912C00DB68184783681B69FBE7012970B50C469F
:10913C0006D100214368D86BFFF7D4FF002070BD27
:10914C0061B90669456896F85D3023B12846FCF78D
:10915C00D5F986F85D400121E86BEDE76FF08500ED
:10916C00EDE710B504460068D0B18368C3B149B1CE
:10917C0001210830FFF7C5FF23681869BDE81040CE
:10918C0000F0FFB912B98388DB0409D4006900F040
:10919C00F8F920680021BDE810400830FFF7B1BF96
:1091AC0010BD10B5012200210446FFF7DAFFA369B8
:1091BC0033B9636004F11000BDE81040FCF758BDF2
:1091CC0010BD10B5006903688B4206D190F85C4065
:1091DC0034B9FFF7E6FF204610BD6FF01500FBE732
:1091EC006FF00F00F8E738B505690446296305F1FF
:1091FC002000FCF73DFD002285F85C20206911461B
:10920C00BDE83840FFF7ADBFF8B50C46054600F099
:10921C0028F90022214606462846FBF71DFD0321AE
:10922C002046FAF7E5FD00F020F807462B689B591D
:10923C0053B100262146284600F011F920460121A1
:10924C00FAF7D6FD3046F8BD00F00FF8C01BC72862
:10925C00ECD96FF07306EDE707B56846FBF7B6FD82
:10926C00DDE9000103B05DF804FB10B5EFF31184E8
:10927C00202383F31288BFF36F8FFFF7EDFF84F386
:10928C001188BFF36F8F10BD08B5FDF743FC48B1D3
:10929C00002383F31188BFF36F8F0423184602DF7A
:1092AC006FF0040008BD004700F06BB9FAF786BFF9
:1092BC00F7B51646DDE90847019001A81D46FBF7F6
:1092CC00D1F8019BB6F1000C18BF4FF0010C00EB6C
:1092DC0083000B1E18BF0123002D43EA4C0314BF5F
:1092EC004FF00C0C4FF0000C002C43EA0C0314BF95
:1092FC004FF4706C4FF0000C002F43EA0C0314BFBA
:10930C004FF4403C4FF0000CD0F8802043EA0C03A3
:10931C0022EA030301B109780EB1367876001943BD
:10932C000DB12D78AD0031430CB1247824022943C2
:10933C000FB13F783F040C433C43C0F8804003B06E
:10934C00F0BD1FB50DF10F03019300238DF80F1025
:10935C001A4619460093FFF7ABFF05B05DF804FB06
:10936C0070B5044608461646FBF78CF8083034F8FE
:10937C0010300D46DA0509D5C3F3432304EBC302C1
:10938C003146284654F8333052689847A3682BB1BD
:10939C0031462846E268BDE87040184770BD10B5EC
:1093AC0004792046FBF700F940B12046FBF7DAF8C8
:1093BC0000B2800000F5807080B210BD4FF4A27036
:1093CC00FBE7F0B50446002001270546844695428C
:1093DC000AD1D4F8443133B10023C4F84431D4F861
:1093EC00443140F40030F0BDEBB29B0003F58076C5
:1093FC009B0807FA03F3194208D054F806E0BEF1B3
:10940C00000F03D044F806C0A65918430135DEE717
:10941C0070B50679044630460D46FBF7C5F8B0B179
:10942C003046FBF7AFF890B93046FBF79BF80123B9
:10943C0022688340C2F81833226803B202EB83031C
:10944C00D3F8102522F00302C3F8102570BD28466E
:10945C00BDE870400021FFF774BFFBF7A1B9FFF71F
:10946C00D7BFFFF79CBF08B5FBF76CFEBDE8084003
:10947C00FAF7B4BFC9B2FBF79DBE70B50126A2F5D1
:10948C008074A40806FA04F4054614EA010008D016
:10949C00A85830B100213046A950AA581A68224366
:1094AC001A6070BD00232DE9F34104460D4601936B
:1094BC00904601AB4FF48072FFF7DFFF4FF48272DE
:1094CC0029462046FFF7D9FF4FF4847207462946F8
:1094DC002046FFF7D2FF064630B1B8F1000F1DD081
:1094EC0017B13E46D4F80C374FF4A67229462046E5
:1094FC0001ABFFF7C2FF30B1B8F1000F03D016B9C2
:10950C000FB1D4F80C374FF4B4722946204601AB96
:10951C00FFF7B3FF019802B0BDE8F0814646E3E7E0
:10952C0007B5019001A8FBF751FE0123019A934066
:10953C00436003B05DF804FB07B5019001A8FBF78D
:10954C0045FE0123019A9340836003B05DF804FB50
:10955C0070B54B7F04460D467BB1012364264360F6
:10956C00002202212046FFF79DFF20B90120FFF7C2
:10957C009BFE013EF4D100236B770023C4F8003529
:10958C0070BD08B1F9F730BB704710B5436904469C
:10959C003BB90020E2684042537843F0010353701A
:1095AC0010BD98470028F4D00028B8BF4042FF28CF
:1095BC00A8BFFF20E3681870ECE740B1C368587887
:1095CC0010F001001EBF1878B0FA80F04009704707
:1095DC00EFF31183202383F31288BFF36F8FFEE721
:1095EC00202408B5EFF3118384F31288BFF36F8F37
:1095FC00FFF7D9F9F6E790F90E308B4201D0FCF762
:10960C0041BD0020704703460020C3E90033C3E985
:10961C00020070473AB18A4205D3C0E90212C0E990
:10962C000000002070476FF015007047EFF30580C5
:10963C00003818BF012070476FF0570070470020AA
:10964C007047D0E9003213605A600023C0E9003340
:10965C00704708B5FFF7F5FF437B23F00203437314
:10966C000023836008BD38B504460D46FCF768FC42
:10967C00637B43F002036373E5B1A5602B689D42E5
:10968C0009D16B68C4E900531C606C6012E06A6815
:10969C009A42F6D01B68002BF3D094F90E2093F964
:1096AC000E108A42F3D09142F1DD5A68C4E90032BF
:1096BC0014605C6038BD10B5EFF31184202383F384
:1096CC001288BFF36F8FFCF7F9FB84F31188BFF39B
:1096DC006F8F10BD08B5EFF31181202282F3128831
:1096EC00BFF36F8F83680BB1FFF7B3FF81F3118862
:1096FC00BFF36F8F08BD38B5EFF31184202383F3CC
:10970C001288BFF36F8F002390F86C50427B80F867
:10971C006C302DB121B184F31188BFF36F8F38BD3C
:10972C0012F0280FF7D183680BB1FFF792FF437B40
:10973C0023F004034373FCF7C1FBECE70121183859
:10974C00FFF7D9BF08B50346EFF31181202282F34E
:10975C001288BFF36F8F0068834207D008B1FFF700
:10976C0078FF81F31188BFF36F8F08BD0020F8E7F5
:10977C0008B5C3171F3043F10003400940EAC3602A
:10978C00C117FCF7ABFD400108BD2DE9F0410546C2
:10979C000E461746EFF31188202383F31288BFF38C
:1097AC006F8F0468A0420FD1002088F31188BFF39B
:1097BC006F8FBDE8F08139462046B0470028F4D1C0
:1097CC006B68A342F0D02468002CF4D1ECE708B508
:1097DC000246FCF73DFF70B1D0E904319B1A61EBF6
:1097EC00E272B3F1004F72F1000104DA002AACBF4F
:1097FC001846002008BD6FF00040FBE7024638B564
:10980C00EFF31185202383F31288BFF36F8F036866
:10981C00CBB1FCF71DFF04461046FCF72BFF0022D2
:10982C004FF000438442C0E9042306D1FCF718FF33
:10983C00FFF7CDFF0021FAF79DFB002085F311887F
:10984C00BFF36F8F38BD6FF01500F7E708B5FDF764
:10985C001BF808BDFDF718B80023C0E9081200F189
:10986C001802C0E90622C0E9003303634363704762
:10987C0010B50446FFF7C2FFA8B9636A0BB12046C6
:10988C00984704F11800FFF75DFF60B1FFF713FF75
:10989C00EFF31180202383F31288BFF36F8FBDE8A1
:1098AC001040FCF773BC10BD10B50446406A10B1F3
:1098BC00A16A00F029F80020C4E9090010BD38B5F0
:1098CC000546FFF7F1FF2B7F0446012B0ED0023B20
:1098DC00012B0ED82B6A012B18BF6FF096042C228B
:1098EC000021284600F047FA204638BD2B6A002B91
:1098FC00F2E76FF09604F2E7FDF718BA7047002014
:10990C00704700207047704710B5044608B1FDF74A
:10991C00ABF92046BDE81040FDF7A0B90A2840DCA1
:10992C00C31C22DA10F1400F47D010F13F0F2BDA95
:10993C0010F1410F44D010F1550F44D010F1490FE4
:10994C0008BF6FF0840018BF6FF0860070470928BD
:10995C002AD8DFE800F00529290816293829292FEB
:10996C006FF09800704700207047C31C0D2B1BD85C
:10997C00DFE803F0072F1A1C1A1A1A1A1A1A1D1AE2
:10998C001A1D6FF08500704710F1210F1ED00BDBF4
:10999C0010F1200F1DD010F1100F08BF6FF09400C4
:1099AC00D1E764380928D2D96FF0860070476FF080
:1099BC00940070476FF08C0070476FF08400704714
:1099CC006FF0890070476FF0930070476FF088005C
:1099DC0070476FF09200704710B501380A449142FD
:1099EC0000D110BD10F8013F11F8014B634003701A
:1099FC00F5E70144814200D1704711F8013D1A444A
:109A0C000A70120AF6E710B58B4294BFC4184418BA
:109A1C00A04200D110BD00F8012BF9E700231A4633
:109A2C0082B001908B4201D102B070470198C254B0
:109A3C000133F7E70368D90444BF43F48063036040
:109A4C0003689A0444BF43F4006303607047F7B59E
:109A5C0006460D46202D2F46A8BF2027002168461C
:109A6C00FDF71CFD044670B93A4631466846FDF7D1
:109A7C0067FD10F1520F044608D0431CF4D0684621
:109A8C0000F0A4F834B1204603B0F0BD684600F0F5
:109A9C009DF8E3E7EC1B3E44F5D02546DAE707B525
:109AAC0001A9FDF7F5FA003818BF012003B05DF8E5
:109ABC0004FBCA0448BF41F480618B0448BF41F4E5
:109ACC0000618160704730B589B0054618220C469C
:109ADC0001A8002100F04FF9012344EA052401A953
:109AEC00BA2007940593FDF79BFA002818BF6FF076
:109AFC00920009B030BDF7B5BA2001A9FDF7C8FA3C
:109B0C00044610B1002003B0F0BD019D2F0AEDB248
:109B1C00AC4205D1BA20FDF7A1FA0028F2D008E03A
:109B2C00E6193046FDF79AFA30B13046FFF7B7FF29
:109B3C0010B96FF09200E6E70134E9E7BFF35F8FED
:109B4C004FF0A343DA69BFF35F8FBFF35F8F102130
:109B5C005963BFF35F8FBFF35F8F00215963BFF36E
:109B6C005F8FBFF35F8FD96BBFF35F8F4906F8D45C
:109B7C0022B1BFF35F8FDA61BFF35F8F704708B517
:109B8C00FDF7D2FD30B9BFF35F8F4FF0A343986A56
:109B9C00BFF35F8FBFF35F8F4FF0A342D36BBFF365
:109BAC005F8F10F0240F03F0230304D0FFF7C6FFE0
:109BBC006FF01F0008BD4FF0FF30002BFAD1BFF340
:109BCC005F8F1063BFF35F8F1846F3E710B5037810
:109BDC0004461BB1FDF774F800232370002010BD60
:109BEC00022203689A607047C0F30B03482B4B604A
:109BFC0028BF482310F4003F8B6008BF0023CB60C4
:109C0C0010F4803308BFC1E9013300F47003B3F5DD
:109C1C00700F14BF00238B6800284FF0010C4FF01D
:109C2C0008028B60B8BF0023C1E905C2B8BFC1E907
:109C3C0005337047FBF7CCBF4FF0FF324FF0FF33CB
:109C4C00FBF74EBF4FF0FF324FF0FF33FBF748BF2F
:109C5C00FBF7BEBF00F072B807B54FF0FF334FF003
:109C6C00FF32CDE90023002200F075F803B05DF857
:109C7C0004FB00F06CB800F066B82DE9F34704461D
:109C8C00DDE90A9815460E4659B302F0010AFCF7B5
:109C9C00B3FB0746EFF31181202383F31288BFF344
:109CAC006F8FA80744BF0023A360A36803EA0600D4
:109CBC00BAF1000F0CD086420CD16A0744BF834323
:109CCC00A36081F31188BFF36F8F02B0BDE8F087FA
:109CDC000028F2D159EA080305D181F31188BFF3AA
:109CEC006F8F0020F1E7C7E919652246CDE900988E
:109CFC0004F10C00FCF7A4F90028F2D1786EE4E72B
:109D0C0010B54B68D0E9194212F0010F03EA0403B5
:109D1C0001D09C4210D17BB14366520744BF8A6884
:109D2C001A430B6848BF8A6003660123086080F8F9
:109D3C006C301830FFF762FD002010BD0023C0E925
:109D4C000000836070474FF0FF32FDF739BD0A46C3
:109D5C000021FDF735BD5200FFF78FBF0A44431EAB
:109D6C00914200D1704710B511F8014B914203F8A4
:109D7C00014FF9D110BD02440346934200D1704704
:109D8C0003F8011BF9E70246014410B58A42134659
:109D9C0003D01C780132002CF8D1181A10BDF0B584
:109DAC00C3F13707044603F01F031046FFB2082B1C
:109DBC00E6B232D0102B3DD06508A40845EAC17537
:109DCC0044EA81748A082D1942EB5102290941EAAF
:109DDC0002716D1842EB1212290A41EA02616D18E8
:109DEC0042EB1222290C41EA02416D1842EB12425D
:109DFC00AD1842F10002EC0844EA4274D10804EBBD
:109E0C008402A6EB4205EDB2092D0CD90134A5F163
:109E1C000A0541F10001EDB212E0E40806F0070575
:109E2C0044EA4174C908303554EA010200F8015B78
:109E3C00BDD1F0BD240906F00F0544EA01740909EF
:109E4C00092D84BFED19EDB2EDE7D1E9043293424F
:109E5C001EBF5A1C0A611870704700000148006848
:089E6C0070470000180A0020F5
:089E74003C66FF7F01000000C5
:109E7C008D2B00000000000000000000149F00006B
:109E8C0000000000389F000000000000809F0000D0
:109E9C00000000005C9F000000000000C89F000054
:109EAC0000000000A49F0000192F0000000000001B
:109EBC00D93E000000000000A912000000000000C4
:109ECC00692B000000000000C932000000000000F7
:109EDC000000000058A000000000000034A00000AA
:109EEC000000000010A0000000000000EC9F00002B
:109EFC00000000007CA00000959200000000000013
:089F0C0000000000A0A000000D
:109F140053C9000068AB000068A9000004020020D7
:109F2400540A00209D2C00000000000000000000E6
:109F3400000000007AC900008CAB00003CA90000BE
:109F440006020020A80A0020692F0000000000007B
:109F540000000000F000002086C90000A4AB00004F
:109F64003CA9000008020020B40A0020692F000068
:109F740000000000000000000001002091C9000062
:109F8400BCAB00003CA900000A020020C00A00206B
:109F9400692F0000000000000000000010010020F4
:109FA400DFCA0000CCAC0000CCA9000016020020DF
:109FB4002C0B00209D8F000079360000000000006B
:109FC40020010020EACA000028AD0000CCA900004E
:109FD40018020020340B0020BB8F000079360000EB
:109FE40000000000300100208FCA00000CAC00000B
:109FF40090A900000E020020CC0A0020AD3500001C
:10A0040000000000000000000000000098CA0000EA
:10A014003CAC000090A9000010020020E40A0020DB
:10A02400AD3500000000000000000000000000004A
:10A03400A1CA00006CAC000090A90000120200202C
:10A04400FC0A0020AD350000000000000000000004
:10A0540000000000AACA00009CAC000090A9000007
:10A0640014020020140B0020AD3500000000000095
:10A074000000000000000000C1CC000090AD000012
:10A0840060A900001A02002050010020ED370000F2
:10A094009F900000000000004001002057CA00000B
:10A0A400D4AB000084A900000C02002000000000D2
:10A0B40071330000000000000000000000000000F8
:10A0C400000000008F890000000000008F8900005C
:10A0D400000000008F890000000000008F8900004C
:10A0E400000000008F890000000000008F8900003C
:10A0F400000000008F890000000000008F8900002C
:10A10400000000008F890000000000008F8900001B
:10A11400000000008F890000000000008F8900000B
:10A12400000000008F890000000000008F890000FB
:10A13400000000008F890000000000008F890000EB
:10A14400000000008F890000000000008F890000DB
:10A15400000000008F890000000000008F890000CB
:10A16400000000008F890000000000008F890000BB
:10A17400000000008F890000000000008F890000AB
:10A18400000000008F890000000000008F8900009B
:10A19400000000008F890000000000008F8900008B
:10A1A400000000008F890000000000008F8900007B
:10A1B400000000008F890000000000008F8900006B
:10A1C400000000008F890000000000008F8900005B
:10A1D400000000008F890000000000008F8900004B
:10A1E400000000008F890000000000008F8900003B
:10A1F400000000008F890000000000008F8900002B
:10A20400000000008F890000000000008F8900001A
:10A21400000000008F890000000000008F8900000A
:10A22400000000008F890000000000008F890000FA
:10A23400000000008F890000000000008F890000EA
:10A24400000000008F890000000000008F890000DA
:10A25400000000008F890000000000008F890000CA
:10A26400000000008F890000000000008F890000BA
:10A27400000000008F890000000000008F890000AA
:10A28400000000008F890000000000008F8900009A
:10A29400000000008F890000000000008F8900008A
:10A2A400000000008F890000000000008F8900007A
:10A2B400000000008F890000000000008F8900006A
:10A2C400000000008F890000000000008F8900005A
:10A2D400000000008F890000000000008F8900004A
:10A2E400000000008F890000000000008F8900003A
:10A2F400000000008F890000000000008F8900002A
:10A3040000000000A5760000000000008F89000016
:10A314002D570000B3920000000000008F89000058
:10A32400000000008F890000000000008F890000F9
:10A33400000000008F890000000000008F890000E9
:10A34400000000008F890000000000008F890000D9
:10A35400000000008F890000000000008F890000C9
:10A36400000000008F890000000000008F890000B9
:10A37400000000008F890000000000008F890000A9
:10A38400000000008F890000000000008F89000099
:10A39400000000008F890000000000008F89000089
:10A3A400000000008F890000000000008F89000079
:10A3B400000000008F890000000000008F89000069
:10A3C400000000008F890000000000008F89000059
:10A3D400000000008F890000000000008F89000049
:10A3E400000000008F890000000000008F89000039
:10A3F400000000008F890000000000008F89000029
:10A40400000000008F890000000000008F89000018
:10A41400000000008F890000000000008F89000008
:10A42400000000008F890000000000008F890000F8
:10A43400000000008F890000000000008F890000E8
:10A44400000000008F890000000000008F890000D8
:10A45400000000008F890000000000008F890000C8
:10A46400000000008F890000000000008F890000B8
:10A47400000000008F890000000000008F890000A8
:10A48400000000008F890000000000008F89000098
:10A49400000000008F890000000000008F89000088
:10A4A400000000008F890000000000008F89000078
:10A4B400000000008F890000000000008F89000068
:10A4C400000000008F890000000000008F89000058
:10A4D400000000008F890000000000008F89000048
:10A4E400000000008F890000000000008F89000038
:10A4F400000000008F890000000000008F89000028
:10A50400000000008F890000000000008F89000017
:10A51400000000008F890000000000008F89000007
:10A52400000000008F890000000000008F890000F7
:10A53400000000008F890000000000008F890000E7
:10A54400000000008F890000000000008F890000D7
:10A55400000000008F890000000000008F890000C7
:10A56400000000008F890000000000008F890000B7
:10A57400000000008F890000000000008F890000A7
:10A58400000000008F890000000000008F89000097
:10A59400000000008F890000000000008F89000087
:10A5A400000000008F890000000000008F89000077
:10A5B400000000008F890000000000008F89000067
:10A5C400000000008F890000000000008F89000057
:10A5D400000000008F890000000000008F89000047
:10A5E400000000008F890000000000008F89000037
:10A5F400000000008F890000000000008F89000027
:10A60400000000008F890000000000008F89000016
:10A61400000000008F890000000000008F89000006
:10A62400000000008F890000000000008F890000F6
:10A63400000000008F890000000000008F890000E6
:10A64400000000008F890000000000008F890000D6
:10A65400000000008F890000000000008F890000C6
:10A66400000000008F890000000000008F890000B6
:10A67400000000008F890000000000008F890000A6
:10A68400000000008F890000000000008F89000096
:10A69400000000008F890000000000008F89000086
:10A6A400000000008F890000000000008F89000076
:10A6B400000000008F890000000000008F89000066
:10A6C400000000008F890000000000008F89000056
:10A6D400000000008F890000000000008F89000046
:10A6E400000000008F890000000000008F89000036
:10A6F400C89F0000418F0000A49F0000418F00000C
:10A70400000000008F890000000000008F89000015
:10A71400000000008F890000000000008F89000005
:10A72400000000008F890000000000008F890000F5
:10A73400000000008F890000000000008F890000E5
:10A74400000000008F890000000000008F890000D5
:10A75400000000008F890000000000008F890000C5
:10A76400000000008F890000000000008F890000B5
:10A77400000000008F890000000000008F890000A5
:10A78400000000008F890000000000008F89000095
:10A79400000000008F8900001D4D0000B3920000EE
:10A7A400000000008F890000000000008F89000075
:10A7B400000000008F890000000000008F89000065
:10A7C400000000008F890000000000008F89000055
:10A7D400000000008F890000000000008F89000045
:10A7E400A1500000B3920000000000008F89000017
:10A7F400000000008F890000000000008F89000025
:10A80400000000008F890000000000008F89000014
:10A81400000000008F890000000000008F89000004
:10A82400000000008F890000000000008F890000F4
:10A83400000000008F890000000000008F890000E4
:10A84400000000008F890000000000008F890000D4
:10A85400000000008F890000000000008F890000C4
:10A86400000000008F890000000000008F890000B4
:10A87400000000008F890000000000008F890000A4
:10A88400000000008F890000000000008F89000094
:10A89400000000008F890000000000008F89000084
:10A8A400000000008F890000000000008F89000074
:10A8B400000000008F890000000000008F89000064
:10A8C400000000008F890000000000008F89000054
:10A8D400000000008F890000000000008F89000044
:10A8E400000000008F89000073940000B392000000
:10A8F400000000008F890000000000008F89000024
:10A90400000000008F890000000000008F89000013
:10A91400000000008F890000000000008F89000003
:10A92400000000008F8900002D4D0000B39200004C
:08A93400000000008F89000003
:10A93C00CD2F00004D8B0000598B00006D8B00005B
:10A94C00778B0000818B0000AD310000958B0000EF
:04A95C0000000000F7
:08A96000A13A0000CF910000B4
:10A96800F92C0000A78A0000078B000000000000F7
:0CA97800458A0000000000000000000004
:0CA98400F98B000000000000F38B0000C5
:10A99000E58E00002B8F0000038F0000118F000058
:10A9A00000000000000000000000000000000000A7
:10A9B0000000000000000000000000000000000097
:0CA9C0000000000000000000000000008B
:0CA9CC00598F0000293700004B8F00005D
:10A9D80048C9000003000000D6C2000003000000C0
:10A9E8006CC9000003000000BFCD00000300000098
:10A9F800ECC9000003000000EFC2000003000000E3
:10AA0800F3C20000030000001BC4000003000000A4
:10AA18002EC2000004000000C5C8000003000000AA
:10AA2800BCCD00000300000039C400000300000092
:10AA3800B6CA00000300000044C90000030000007B
:10AA4800CBCC000003000000F5CA000003000000A2
:08AA580060CA000004000000C8
:10AA60000CAB0000D80000200AC400000100000068
:10AA700000A0105000820D50000405500500000099
:10AA800004000000010000000000000000000000C1
:10AA90000338FDD8704700000000000000000000EF
:10AAA0000338FDD870470000780300200001000043
:10AAB000B18600005B8600000200000041880000B3
:10AAC0000000000000000000000000000000000086
:10AAD000EAC30000F2C30000000000000000000014
:10AAE00000000000FAC30000FEC3000002C4000022
:10AAF00006C40000FCAA0000F4090020251D000087
:10AB00000C0A00200213002001000000CD88000084
:10AB1000C3880000D11C0000B788000000000000BE
:10AB2000AB88000000000000400000200000000092
:10AB300006000100020000003CAB00000000000025
:10AB400035C9000006000000E04F1600000000209C
:10AB50003DC9000021000000E0EF0220592C000058
:10AB6000292C000000000000AD2D00002D2D00005C
:10AB700060C90000278B00002D8B000066C9000013
:10AB800000A0105000820D50000405501F0000006E
:10AB900000A01050000000000000000000C0105095
:10ABA00001000000FFFF000000820D5000000000C7
:10ABB0000100000000A00D5000000000FF07000091
:10ABC000000405500000000002000000000000002A
:10ABD000000000007CA0000000127A0000010000CC
:10ABE000000000000000000000000000041300202E
:10ABF000FCE008036BCA0000100000000800000021
:10AC000000A0105000820D5000040550000000808C
:10AC1000FFFFFF7F0000008000000080FFFFFF7F3C
:10AC2000000000800000000000000000C6CA000014
:10AC300000FF08005C9F00000F0000000000008083
:10AC4000FFFFFF7F0000008000000080FFFFFF7F0C
:10AC5000000000800000000000000000C6CA0000E4
:10AC600000FF0800809F000003000000000000803B
:10AC7000FFFFFF7F0000008000000080FFFFFF7FDC
:10AC8000000000800000000000000000C6CA0000B4
:10AC900000FF0800809F0000050000000000008009
:10ACA000FFFFFF7F0000008000000080FFFFFF7FAC
:10ACB000000000808813000000000000C6CA0000E9
:10ACC00000FF0A00389F00000100000000700C50D7
:10ACD0000000000000000000FCAC000000C2010009
:10ACE0000000D6010000000000000040000000004D
:10ACF00085140020841400200101000000700C5015
:10AD000008AD00000200000020AD000002000000BD
:10AD100018AD0000020100004880000047800001DB
:10AD2000480000004706000100600C5000000000D1
:10AD30000000000058AD000000C201000000D60174
:10AD40000000000000000040000000008714002008
:10AD5000861400200101000000600C5064AD00006A
:10AD6000020000007CAD00000200000074AD000095
:10AD70000201000029800000288000012900000055
:10AD80002806000100A0105000820D50000405505C
:10AD900000A00450000000000048E801000000008E
:10ADA0000000000000000000FFFFFFFF0000FF00A8
:10ADB0000000000000000000FFFFFFFF0100000195
:10ADC00001000000C1900000FFFF0000E0AD0000A6
:10ADD000FFFFFFFF00000000000000000000000077
:10ADE00000A00450ECAD00000200000008AE00001E
:10ADF00003000000FCAD00000301000041800004DE
:10AE00004280000544800006410000044200000525
:10AE100044000006000000000000000000A01050E8
:10AE200000820D500004055000A0105000820D500B
:10AE300000040550080000000200000004000000AB
:10AE40000100000000A0105000820D5000040550C9
:10AE500072CD000080CD000094CD0000A3CD000095
:10AE6000AFCD00007C9E00007C9E0000BC9E0000D8
:10AE7000C49E0000149F0000149F000000388A4008
:10AE80008F409440A140A640AC401548CB40AE4016
:10AE9000A3400038003800380038CE40ED409D41D6
:10AEA00049415641324137413C414141B941BE419E
:10AEB000D7410E42FA418D411B42804162426A42B3
:10AEC000774274436E4366437F432E4824460038DE
:10AED000003800380038AF48D548F34863457D4511
:10AEE00085439D45A845BB45E345ED45CF45FC451C
:10AEF00015468C466E4695468E460038003800381A
:10AF0000284200380038003800380038003800384F
:10AF1000003800380038003800380038194919491D
:10AF20001949194919491949194919491949194911
:10AF30000038003800380038003800380038003851
:10AF40000038003800380038003800380038003841
:10AF50000038003800380038003800380038003831
:10AF60000038003800380038003800380038003821
:10AF70000038003800380038003800388C090038B4
:10AF8000FFFFFF000000000010270081878A001AE1
:10AF90007B627AA678797A8D00307B627AA778799D
:10AFA0007A8D003078207B6279217A220C108650CD
:10AFB00082A2808182A28287828D001A0030722054
:10AFC00095407AAC797B003078247B627AA88479CA
:10AFD0007A8D00307224A7407B2479257A268562F9
:10AFE00086A87284868D11A68584116286A78586BF
:10AFF00084208621862286509A5086A6867286A84C
:10B000008685868D8462868D781086A67270001A79
:10B0100000307ABB7879003000830030001C001CBF
:10B02000001C001C001B7C22001D1310D040001AC5
:10B03000001C001C001C001B7C22001D001B7C222D
:10B04000001D1310DA40001A000C016A3427001AA0
:10B05000006E1027001A7B62782479257A260C105E
:10B0600086500E1022590E101A59848FC50811B837
:10B0700085850410295911A284871AA21111112063
:10B08000071890A2801A9020001919A272871AA698
:10B090001970001B7C201AA21A8013100B410E108D
:10B0A0001D590410335986A21A72868D001A003079
:10B0B000870811B8858211A284871AA21111112064
:10B0C000031890A2801A9020001915A281871AA255
:10B0D00015151520031890A2801A90200019074119
:10B0E0008650052408250426F540865004240625AC
:10B0F0000526F54086500C2406250B26F540865083
:10B100000B2408251A26F55000AB0C1A00300DA7A9
:10B1100002720AAC060D0EA703720BAC060E026299
:10B120000CA872030C8D00307DBB0203048F05A6B2
:10B13000707003628650042072210E229A500070B3
:10B14000108A0E240B250E26F3500272865004201E
:10B1500072210D229A5002721027108A0D240A259E
:10B160000D26F35005A70D0E05200C2105229A503F
:10B17000007005BB030505A60E050030026286506F
:10B18000042072210D229A500070108A0D240A2585
:10B190000D26F35000300DA70D0E05A6707002723B
:10B1A00086500C200D2105229A50007005BB030526
:10B1B00005A60E05003002620DA7027203620EA7FB
:10B1C000037201BB0D0E00BB02030D200E21802275
:10B1D00082AC8081812082213910A941006201A8BE
:10B1E0000180018D012408250626B150003003247A
:10B1F000062508268650F340032405250A26865096
:10B20000F350026286500A2072210A229A503810A6
:10B21000003906200A210B229A500BA60B0C0BA812
:10B220000B050B8D38100039003002620A8E0A8F30
:10B230000B8E0B8F072787500EA8720B0C200E2148
:10B240000D229A500A200E210E229A50006286503A
:10B2500003240D251A2608210E221A5102620081AC
:10B2600007271A2072211A229A5000AB0A1A0030BE
:10B2700086500DBB08060DA6040D032406250E26D8
:10B28000F3500E2007210E229A500EA7050E0E8DA8
:10B290000E240D250B26F34086500A2408250D2682
:10B2A000F35002200D210E229A500E240C250B265D
:10B2B000F340865007200A210D229A5003240C25C2
:10B2C0000E26F35005A60D0E058D0030865001A701
:10B2D00000720AB9010006240A250426F55077A752
:10B2E000047238100030011877A7040138100030BC
:10B2F0000420042104229A5077A704723810003CDD
:10B30000001977A704013910003C0030A0A2721088
:10B31000685380A2811090A29110021096530810D9
:10B320005B541410FB5439108134001A000C865001
:10B3300033A2041002102D440810D74414105B45AA
:10B3400058522620782148522621001C7A20CC42CF
:10B3500058522620782148521D2079214A52262011
:10B3600026211D22001E7A20CC42585278247925AD
:10B370007D527A20CC421120842148521120101095
:10B380007A590E10364901218526006886AC86015F
:10B390002EA67070C1522E2236102C2235A786821E
:10B3A000006CC80811B83581EA5026201121001C14
:10B3B000262002101254112126220718B120021053
:10B3C00015540810C7541410515580210019E35228
:10B3D00026202621D0501122BC520068C152006C98
:10B3E0002320361026201B220318001E802100195E
:10B3F0002621001A001B0B102320001F001A2CBA54
:10B4000073742CBA2C2C2CA72C742DA7018677A72B
:10B410002D2C001AA122DC5202108D530810545416
:10B420001410F65480A2807290A29072808D908D3C
:10B43000001A003082A2821082A2827282A8108238
:10B44000001A2C2013211622071880A28182802145
:10B450009020B22200193222DC5229A2322828A2DE
:10B46000323131A2292525A2293030A2312222A24F
:10B47000312F2FA2301F1FA2302E2EA22F1C1CA254
:10B480002F2D2DA22E1919A22E2C2CA22D1616A26C
:10B490002D132FA6117030A6127031A6137013A6AB
:10B4A0002C7011201121081802108D5308105454CB
:10B4B0001410F654A020B121001926A62F7027A63B
:10B4C000307028A63170001A1120842148521D20A6
:10B4D000822148528A0811B8858314201121112233
:10B4E000001C05188024B1208421001E0019202092
:10B4F0001D211D22001C05188024B1208421001E5E
:10B500000019E352262026211922001EDA501122AA
:10B51000BC5219222620BC5277A22872F810821041
:10B5200077A7850177108620CC4285A6850183A662
:10B53000830183A6830113A272101DA619701EA693
:10B540001A701FA613702C43585278210810E0443B
:10B55000818F918F001A003077A701003810013ACF
:10B56000001A003058520421685302103954081050
:10B57000F0543810053A001A00305852262078212D
:10B580004A52001A00305852151075536E53262037
:10B5900002214A5200302DA2A1A12EA2A12D80A2EB
:10B5A000812D90A2912E001A2FA205102EA280802C
:10B5B0002CA280332EA22E802DA290902EA62E2C6F
:10B5C0002EA62F2E2CA72D2E2CA22C722C8D001ADD
:10B5D00030A691912CA681812DA230911A10E243C0
:10B5E00031A2A1A11810C5432EA2818131A231310F
:10B5F0002CA22C2D31A231332FBA2E742EA62F312E
:10B6000031A62C2CD1432EA681312FA781312CA21B
:10B610002C2D2EA22E2F31A62C2C2EBA2E742DA21C
:10B620002D2D2FA22E2E2DA62D2D80A72F3131A707
:10B630002C80A0A230A12FA22E3190A72F2D001A6E
:10B640002EA281812CA22C2DCD4331A67092ED43E8
:10B6500031A77092ED4330A2A1A12FA231A131A256
:10B6600030822FA22F3031A731812FA72F9130A206
:10B670003131A0A231A12CA2813030A231302EA6CE
:10B680002C2C31A22F2F2EA6302E80A7312E2CA7A6
:10B690002C802EA2913031A22F2C90A7312E001A8F
:10B6A000B0A2A0A0001A2EA670921B442EA77092E2
:10B6B0001B442DA2A2B231A2A1A12CA281B22FA221
:10B6C000A13131A282312DA2912D2FA22E2F2EA297
:10B6D000A1A22C21F543AAC3E7D3EAE32CA6047464
:10B6E00077A72C00381477A604707814001A2DA2BE
:10B6F00005102EA633332FA62D2D2EA22E2E2FA6CB
:10B700002F2D2EA22E332FA22F2F30A62F2F2EA675
:10B710002E2F2FA62E3077A22F72001A90A770908E
:10B72000908D001A2DA2A1A180A281A190A2912D9D
:10B73000001A2FA205102EA280802CA280332EA2E8
:10B740002E802CA22C802DA2909030A280902EA62C
:10B750002E2C2DA62D302EA62F2E2CA72D2E001AE6
:10B760002CA281A12DA281812EA62D912DA22D2D5D
:10B77000A0A22C2C2CA22C2E2EA22E2E18108544EA
:10B780002FA2A03387442FBAA0042EA62E2C80A669
:10B790002E2F2CA6A02C2DA22DA02CA22C8090A662
:10B7A0002C2D001A702398448223984431A683924A
:10B7B0002FA282A130A2A1A130A2313031A2818179
:10B7C00032A22F2F29A6313231A63191A0A229A170
:10B7D00031A22F312EA6812F32A630322FA69130E2
:10B7E00032A281322FA22F2E2CA2812F2DA229919D
:10B7F00080A632312CA62C2D32A62FA031A22C29C6
:10B8000029A2328090A63129001A30A2A1A12DA22E
:10B81000A2A22CA281A22FA282A12DA2912D30A2A0
:10B8200092302EA2A1A22C21A04472C494D496E4FA
:10B83000006877A772043714006C001A2DA2728773
:10B840002CA22D8177A7812C391081362CA22D9125
:10B8500077A7912C39109136001A003077A6057021
:10B86000001A90A68090001A80A281A190A291A1B6
:10B87000001A31A272102CA280802DA290902EA6C8
:10B880002C2D2FA22C2D2FA2332F2FA62F312EA7F8
:10B890002E2F2E8D001A2CA6819130A281812DA2EF
:10B8A00091912EA2A1A12CA22C2C2EA62E2E2FA639
:10B8B000302D2DA7302D2CA72C2F2EA72F2E90A268
:10B8C0002D2F80A22C2EA0A22E2F001A2EA6708221
:10B8D0002E452EA770822E452FA2A1922EA2A12E18
:10B8E00030A2819131A22E2F32A6912E2EA7812E29
:10B8F0002CA6812F2FA6912F32A22C322CA22E2FD4
:10B900002EA630312FA7303130A72C2F31A7322E61
:10B9100080A22E3090A22F31A0A23031001A2CA28A
:10B92000A2812DA2A2912FA2A1922EA2A1822C21AE
:10B9300032450DC528D52BE5001A80A77080808D73
:10B94000001A5852022407257D522620CC52E65078
:10B950008750262072210A229A503810003906207A
:10B960000A210B229A500BA60C0B0BA80B070B8D70
:10B97000381000390030E65087500A8E0A8F0B8E3F
:10B980000B8F0DA8720B0C200D2135229A500A2026
:10B990002B229A50EA50585208222B230224352594
:10B9A00026262653E6500081262072212C229A500A
:10B9B00000AB0A2C0030E6502BA872062B8DEA5003
:10B9C000585202242B257D520820CC42000C0064E2
:10B9D00035A60A0CE65087503520722135229A5040
:10B9E0000BA7073506200B210B229A50381000397F
:10B9F0000030000C006435A60A0CE65087500B8F0F
:10BA00003520722135229A50EA50585208220B23D1
:10BA1000022435250D2626530030585226200B21AE
:10BA200048521D2006214A52262026211D22001E92
:10BA30001D2008214A52262026211D22001E0D20ED
:10BA4000CC42E65087500B200C210A229A5082A744
:10BA50000882828D0030585208220C2378240A254F
:10BA60002626265300682620062100AB818000ABE5
:10BA70009190003058520620021050540810F35490
:10BA800014105F5506240B257D521D2008214A52B3
:10BA9000262026211D22001E1120CC5211240A2509
:10BAA0007D520D20CC42E65087500A200D212B22DA
:10BAB0009A50EA50CF550BA62B700D240B257D52C2
:10BAC0000820CC428650000800B8797917A7017386
:10BAD000179E179E0BA2781017A217100C200E228B
:10BAE00080A60B7090A2721082A6907092A67070C1
:10BAF00068460E227AA882927A8D00300E210C229E
:10BB000011A6819112A7819113A2111114A21212F0
:10BB100015A6829216A7829215A2151216A21116C8
:10BB200011A7131481A2131412A2171114A615162B
:10BB300015A7151682A2141416A2151513A6131212
:10BB400092A2160B91A2111312103B46001B0A1071
:10BB500040460C210E22424606217A5608217C5688
:10BB600036A2060B36A236870AA608360A8D0030A2
:10BB7000E650875091A2918736A2768736A29136F9
:10BB800081A2818781A6368181A28172818D91A651
:10BB90007070001A02248F46062408217A56EA5053
:10BBA0001410C447F34606217A560A8FEA5014103F
:10BBB000C9471C4735A2811034A2911031A23535F6
:10BBC00036A2343433A2041035A2313634A27210B6
:10BBD00033A2333531A7363136A6343331A7313667
:10BBE000318D39108134001A31A2911036A204101F
:10BBF00031A2313133A2721036A2363131A731333E
:10BC000036A6363333A2363633A2333634A2333334
:10BC100035A2343635A2353134A2313335A23572EE
:10BC2000358D33A7007333A73374339E339E339E11
:10BC3000352433253526F55035A2351034A2343558
:10BC400033A2343433A2333633A63331338D7220EA
:10BC50003810052081A23480818D7D1081A700815C
:10BC6000001A000C8650D00811B8080132A2041046
:10BC700032A6323284210C20A5570C212D20885762
:10BC80001120AE57071880222D21C0205D5780213A
:10BC9000AE5700190C210C2088C75DD768E7D0503B
:10BCA000112217570A20B9570030001B0C200B1027
:10BCB0002D206847000C86500821B6569C5632A2AB
:10BCC000041032A63232920811B80A0602210C2062
:10BCD000A5570C212D2088571120AE57031880221C
:10BCE0002D21C0205D578021AE5700190821212049
:10BCF000A55721212D2088572120AE5703188022D7
:10BD00002D21C0205D578021AE5700190C21212222
:10BD10000C205D5788C75DD768E7DA5011221757A6
:10BD2000212217570C20B95777A680703E10003992
:10BD300000AB0B90003031A6918136A7918131A2E2
:10BD4000318236A2369233A670B2734731A6918102
:10BD500036A7918131A2319236A2368233A770B2D2
:10BD6000734734A2A1A233A2B13335A6313631A72D
:10BD7000313636A7343333A6343380A2313690A21D
:10BD80003533A0A23633B0A23531001A31A69181E5
:10BD900036A7918134A2313133A2313631A2A1B11B
:10BDA00036A2A1A131A6313136A6363636A73633B2
:10BDB00034A7343180A23136A0A2363390A2333476
:10BDC000B0A23134001A80A2811090A29110A0A2DA
:10BDD0007210B0A28090001A31A6918190A7918133
:10BDE00080A63170A0A6A1A1B0A2B132001A35A2DE
:10BDF000721035A835A180A2813590A29135808D31
:10BE0000908D001A082558527D520A20CC42585273
:10BE10000821DB5708205F550822062302240A2543
:10BE20002626265377A626703E100B3900AB0B272B
:10BE30000030918F2CA291872DA272872CA22C2CDE
:10BE40002EA72C2D2CA22C332CA72C2D2DA22E2E40
:10BE50002FA22E2C2DA22D2F2FA22F2F2FA22D2F30
:10BE60002FA22F722F8D30A70074309E309E2F246A
:10BE700030252F26F5502FA22F872DA22F2D2FA250
:10BE80002D2D2FA22F2C2FA72F2E2F8D391091342F
:10BE900081A22D72818D7C1081A7008177A78100FE
:10BEA00037109134001A000C7B62865078231BA651
:10BEB0007D721B9E341043481B9E83241B257A26CB
:10BEC000F5507A207A211B229A501BA71B831B8DC9
:10BED0003910003D001A00305852782078211C2279
:10BEE0009A501CA61C041C209A501CA61C051C8DD4
:10BEF0001C23195877A67A703D1000307AA7007A73
:10BF000000301DA77D721EA61D701E9E83241E2557
:10BF10007A26F550381000301EA77A723910003D8D
:10BF20001FA283101DB91D0020A6757021A27210DA
:10BF300022A6212122239E5824A6287025A67570AA
:10BF4000A85823A72821238D39106B4822A6222127
:10BF50005C481DA71D721D9E1F239E5826A21F28E8
:10BF600027A2262828A72721288D381099482AA6F5
:10BF7000727029A2272728A72921288D38108748E1
:10BF800029A229292AA62A727D481EA7202A28A686
:10BF9000247025A61E70A8582BA6287024A22B2B2F
:10BFA00020A62A7026A22B2627A2272474487AA22C
:10BFB00026727A8D001A003023A28372238D2324E7
:10BFC0001D252326F55028A22310001A25A7257227
:10BFD0003810001A28A22828A848061000385852FD
:10BFE000022407257D522620CC5200680AA60C8028
:10BFF0000AAC0A01381000392AA67206E6502BA8AE
:10C00000722A2AAC2B0187500A2006212B229A5033
:10C010002BA7072B2BAC2B012A202B210B229A506C
:10C0200038100039003006100038E65087500A8E6C
:10C030000A8F0B8E0B8F2AA60A0B2AAC2A01381006
:10C040000039EA50585208222A2302240B252326BD
:10C050002653E6502AA60C232AAC2A0100AB0A2A52
:10C060000030061000385852E65087502AAC0D0FA9
:10C070002AA62A0F2A2007212A229A502AA6062A0F
:10C080002AAC2A012BAC0A0F2BA62B0F2B202A211E
:10C090002B229A502BBB2B0C2ABB2A0CEA5058524D
:10C0A00008222A230A242B250D2626530030003887
:10C0B00085A9010F001A11BA010F85A78511001A71
:10C0C000007001A67070007001A77D72001A0070E8
:10C0D00009A67070007009BB7D0F7D210962008187
:10C0E000001A81620081001A0F210F260068868ED7
:10C0F000C15236108636006C021050590310875218
:10C1000011A6267012A6277013A62870E65036A82E
:10C11000850F368D01213626EA508742900811B8E6
:10C12000868615D418E4112012541D201121001CFC
:10C13000125411211D220318C120001E1254802107
:10C14000001926A6117027A6127028A613702620A3
:10C150002621001C001C001C001B7C22001D262127
:10C1600013106B491122BC522621E7D3EAE3001ACF
:10C1700000680F8E006C2CA20F108759021087598F
:10C18000A0A2A02C15108959001A80A2802C90A280
:10C19000902C001AFA1ED65F000100000002000079
:10C1A0000014000000280000004000000100000012
:10C1B00002000000466F756E64204C454420737485
:10C1C000726970206465766963652025730044692F
:10C1D00073706C6179696E67207061747465726EDA
:10C1E000206F6E207374726970004C454420737424
:10C1F00072697020646576696365202573206973B0
:10C20000206E6F7420726561647900636F756C6471
:10C210006E27742075706461746520737472697020
:10C220003A202564000F0000000F0000000F6D6130
:10C23000696E0028756E7369676E6564292063688E
:10C240006172202A207573656420666F722025252F
:10C250007020617267756D656E742E204974277346
:10C26000207265636F6D6D656E64656420746F2008
:10C270006361737420697420746F20766F69642021
:10C280002A2062656361757365206974206D617928
:10C29000206361757365206D697362656861766995
:10C2A0006F7220696E206365727461696E20636FBE
:10C2B0006E66696775726174696F6E732E20537450
:10C2C00072696E673A2225732220617267756D6507
:10C2D0006E743A25640063627072696E74665F7092
:10C2E00061636B616765006C6F6767696E67006C9F
:10C2F0006F67006C6F675F6D676D74004D6573737A
:10C30000616765202822257322292064726F70706E
:10C310006564206265636175736520697420657862
:10C3200063656564732073697A65206C696D6974EF
:10C330006174696F6E2028257529004D65737361DE
:10C3400067652064726F70706564206265636175F3
:10C35000736520697420657863656564732073690B
:10C360007A65206C696D69746174696F6E20282527
:10C370007529000D0A001B5B306D00257320005BE2
:10C380002530386C755D20005B253032753A2530DC
:10C3900032753A253032752E253033752C253033E1
:10C3A000755D200025732F003C25733E200025730A
:10C3B0003A2000253032782000202020007C002503
:10C3C0006300206D657373616765732064726F70BD
:10C3D000706564202D2D2D0D0A1B5B306D001B5BDD
:10C3E000313B33316D2D2D2D20001B5B313B333123
:10C3F0006D001B5B313B33336D00657272007772E9
:10C400006E00696E6600646267006C6F675F6261F0
:10C41000636B656E645F75617274006C6F675F75E6
:10C420006172740061637469766500737573706519
:10C430006E646564006F666600706D5F6465766942
:10C4400063650000010103010003012A2A2A20423A
:10C450006F6F74696E67206E524620436F6E6E6513
:10C4600063742053444B2076332E312E39392D36C8
:10C470003236623563363131336262202A2A2A0A23
:10C48000002A2A2A205573696E67205A65706879D8
:10C4900072204F532076342E322E39392D35636673
:10C4A000316436396231656561202A2A2A0A0072B0
:10C4B000302F61313A2020307825303878202072B2
:10C4C000312F61323A2020307825303878202072A0
:10C4D000322F61333A20203078253038780072339B
:10C4E0002F61343A2020307825303878207231326C
:10C4F0002F69703A20203078253038782072313416
:10C500002F6C723A202030782530387800207870EF
:10C5100073723A2020307825303878004661756C87
:10C5200074696E6720696E737472756374696F6E77
:10C53000206164647265737320287231352F7063D3
:10C54000293A2030782530387800556E68616E645D
:10C550006C6564204952516E3A202564002A2A2ACB
:10C560002A2A204D5055204641554C54202A2A2A2B
:10C570002A2A002020537461636B696E67206572FC
:10C58000726F722028636F6E7465787420617265B3
:10C5900061206D69676874206265206E6F74207613
:10C5A000616C696429002020556E737461636B6946
:10C5B0006E67206572726F72002020446174612082
:10C5C0004163636573732056696F6C6174696F6E44
:10C5D0000020204D4D4641522041646472657373C2
:10C5E0003A2030782578002020496E737472756384
:10C5F00074696F6E204163636573732056696F6C55
:10C600006174696F6E002020466C6F6174696E679B
:10C610002D706F696E74206C617A79207374617407
:10C620006520707265736572766174696F6E2065DE
:10C6300072726F72002A2A2A2A2A205553414745CE
:10C64000204641554C54202A2A2A2A2A00202044D8
:10C6500069766973696F6E206279207A65726F00FE
:10C660002020556E616C69676E6564206D656D6F25
:10C670007279206163636573730020205374616372
:10C680006B206F766572666C6F772028636F6E74AF
:10C690006578742061726561206E6F742076616CBC
:10C6A0006964290020204E6F20636F70726F63658C
:10C6B00073736F7220696E737472756374696F6ED1
:10C6C00073002020496C6C6567616C206C6F61643D
:10C6D000206F66204558435F52455455524E20699D
:10C6E0006E746F205043002020496C6C6567616C4C
:10C6F00020757365206F662074686520455053521D
:10C70000002020417474656D707420746F2065780A
:10C71000656375746520756E646566696E65642011
:10C72000696E737472756374696F6E002A2A2A2A9F
:10C730002A20425553204641554C54202A2A2A2A61
:10C740002A002020537461636B696E6720657272E2
:10C750006F72002020507265636973652064617494
:10C760006120627573206572726F720020204246EC
:10C77000415220416464726573733A2030782578A1
:10C78000002020496D70726563697365206461746F
:10C790006120627573206572726F72002020496E8D
:10C7A000737472756374696F6E206275732065723D
:10C7B000726F7200526573657276656420457863A6
:10C7C000657074696F6E20280053707572696F759B
:10C7D0007320696E746572727570742028495251A5
:10C7E0002000535053454C20696E20746872656177
:10C7F00064206D6F646520646F6573206E6F7420B4
:10C80000696E64696361746520505350002A2A2A56
:10C810002A2A2048415244204641554C54202A2A75
:10C820002A2A2A002020427573206661756C7420C4
:10C830006F6E20766563746F72207461626C652020
:10C8400072656164002020446562756720657665C5
:10C850006E740020204661756C7420657363616C92
:10C860006174696F6E20287365652062656C6F77EF
:10C870002900415243485F45584345505420776949
:10C88000746820726561736F6E2025780A002A2A09
:10C890002A2A2A204465627567206D6F6E69746F5D
:10C8A0007220657863657074696F6E202A2A2A2A5F
:10C8B0002A002A2A2A2A2A20257320256429202AA8
:10C8C0002A2A2A2A006D7075004661696C65642009
:10C8D000746F20616C6C6F63617465206E65772086
:10C8E0004D505520726567696F6E2025750A00509E
:10C8F0006172746974696F6E2025753A2073616E78
:10C9000069747920636865636B206661696C65642E
:10C910002E00496E76616C696420756E6465726C78
:10C9200079696E6720726567696F6E20696E6465EC
:10C930007820257500464C4153485F3000535241E2
:10C940004D5F3000736F630063616368655F6E7293
:10C95000667800636C6F636B403130653030300057
:10C960006866636C6B006C66636C6B00636C6F6312
:10C970006B5F636F6E74726F6C006770696F4031CC
:10C980003061303030006770696F40643832303069
:10C99000006770696F403530343030004750494F80
:10C9A00020706F7274202573206E6F742072656121
:10C9B0006479006661696C656420746F20636F6ED2
:10C9C000666967757265204750494F20686F672018
:10C9D000666F7220706F72742025732070696E20EC
:10C9E0002575202865727220256429006770696F9B
:10C9F0005F686F67730053504920646576696365AB
:10CA0000202573206E6F7420726561647900257330
:10CA10003A20696E76616C6964206368616E6E6548
:10CA20006C20746F20636F6C6F72206D6170706921
:10CA30006E672E436865636B2074686520636F6C56
:10CA40006F722D6D617070696E6720445420707232
:10CA50006F7065727479007773323831324030000C
:10CA60007773323831325F7370690002010300015D
:10CA70000405020608090F4750494F20706F727471
:10CA80003A202573206E6F74207265616479007698
:10CA90006261742D70777200726673772D70777291
:10CAA00000726673772D63746C0070646D2D696D10
:10CAB000752D70777200726567756C61746F725F47
:10CAC000666978656400556E61626C6520746F20DC
:10CAD000726561642070696E20737461746500759D
:10CAE0006172744063373030300075617274406336
:10CAF0003630303000756172745F6E7266785F75C3
:10CB000061727465004661696C656420746F2061B0
:10CB10006C6C6F63617465204750494F54452063C6
:10CB200068616E6E656C20666F722057414B4500E0
:10CB30004661696C656420746F20636F6E66696717
:10CB40007572652057414B452070696E0043532034
:10CB50004750494F20706F72742025732070696EA2
:10CB6000202564206973206E6F742072656164797A
:10CB70000055706461746520657863656564732031
:10CB800063757272656E74206275666665720048C0
:10CB9000616C662D6475706C6578206E6F7420739F
:10CBA0007570706F7274656400536C617665206D8A
:10CBB0006F6465206973206E6F7420737570706F79
:10CBC00072746564206F6E202573004C6F6F706205
:10CBD00061636B206D6F6465206973206E6F7420D4
:10CBE000737570706F7274656400576F7264207330
:10CBF000697A6573206F74686572207468616E204D
:10CC000038206269747320617265206E6F742073BE
:10CC10007570706F72746564004672657175656ECB
:10CC200063696573206C6F776572207468616E202C
:10CC3000313235206B487A20617265206E6F742026
:10CC4000737570706F72746564004661696C6564B9
:10CC500020746F20696E697469616C697A65206EF1
:10CC6000726678206472697665723A202530387869
:10CC70000057616974696E6720666F722057414B77
:10CC8000452061636B6E6F776C6564676D656E746C
:10CC90002074696D6564206F75740054696D656FEB
:10CCA00075742077616974696E6720666F7220748D
:10CCB00072616E7366657220636F6D706C6574650A
:10CCC00000737069403461303030007370695F6E9A
:10CCD0007266785F7370696D000007182323232341
:10CCE00023232323232323232300010248616C747D
:10CCF000696E672073797374656D00556E6B6E6F26
:10CD0000776E206572726F7200756E6B6E6F776EE4
:10CD1000003E3E3E205A455048595220464154411B
:10CD20004C204552524F522025643A202573206FE3
:10CD30006E20435055202564004661756C74206454
:10CD40007572696E6720696E746572727570742091
:10CD500068616E646C696E670A0043757272656E15
:10CD600074207468726561643A20257020282573E8
:10CD7000290043505520657863657074696F6E00B3
:10CD8000556E68616E646C656420696E746572725C
:10CD900075707400537461636B206F766572666C96
:10CDA0006F77004B65726E656C206F6F7073004B10
:10CDB00065726E656C2070616E6963006F730063ED
:10CDC000726163656E00286E756C6C29002A666C52
:08CDD0006F61742A00000000ED
:10CDD80000000000670000000000000000000000E4
:10CDE800000000000000000000000000000000003B
:10CDF800000000000000000000000000000000002B
:10CE0800000000000000000000000000000000001A
:10CE1800000000000000000000000000000000000A
:10CE280000000000000000000000000000000000FA
:10CE380000000000000000000000000000000000EA
:10CE480000000000000000000000000000000000DA
:10CE580000000000000000000000000000000000CA
:10CE6800B57F00007B860000F4AA000000000000E7
:10CE7800000000003B8A00000000000000000000E5
:10CE88000000000000000000E78B00000000000028
:10CE98000000000000000000E78B00000000000018
:10CEA8000000000000000000E78B00000000000008
:10CEB8000000000000000000D98F00000000000002
:10CEC8000000000000000000D98F000000000000F2
:10CED8000000000000000000379100000000000082
:10CEE800000000000000000014AE00000000000078
:10CEF8006001002060010020000000000100000027
:10CF080070010020700100200000000001000000F6
:10CF18000000000000000000000000000000000009
:10CF280000000000000000000000000000000000F9
:10CF3800000000007CA000000000000000000000CD
:10CF48009014002088140020993E00000000000082
:10CF5800FF0000000090D003FF0000000F00000059
:10CF680071020000D4010020D401002013990000B0
:10CF7800839D000067742000580200208002002072
:10CF88006C020020D8020020CC020020419C000046
:04CF9800459C0000B4
:10CF9C000000000000000000000000000000000085
:08CFAC0000000000000000007D
:10CFB400000000000000000000000000000000006D
:10CFC400000000000000000000000000000000005D
:10CFD400000000000000000000000000000000004D
:08CFE400000000000000000045
:04CFEC000000000041
:10CFF000580200205802002000000000000000003D
:10D000000E0000006C0200206C02002000000000F6
:10D01000000000000E0000008002002080020020BE
:10D0200000000000000000000E000000940200203C
:10D030009402002000000000000000000E0000002C
:10D04000A8020020A802002000000000000000004C
:04D050000E000000CE
:10D05400BC020020BC02002000000000010000000F
:10D06400CC020020CC02002000000000D8020020E6
:08D07400D802002000000000BA
:04D07C0015E015E0C6
:04000003000023CD09
:00000001FF
