:10000000E0240020CD23000079890000B9230000FE
:10001000B9230000B9230000B9230000B923000070
:10002000000000000000000000000000312500007A
:10003000B923000000000000C9240000B92300001B
:10004000C9260000C9260000C9260000C9260000F4
:10005000C9260000C9260000C9260000C9260000E4
:10006000C9260000C9260000C9260000C9260000D4
:10007000C9260000C9260000C9260000C9260000C4
:10008000C9260000C9260000C9260000C9260000B4
:10009000C9260000C9260000C9260000C9260000A4
:1000A000C9260000C9260000C9260000C926000094
:1000B000C9260000C9260000C9260000C926000084
:1000C000C9260000C9260000C9260000C926000074
:1000D000C9260000C9260000C9260000C926000064
:1000E000C9260000C9260000C9260000C926000054
:1000F000C9260000C9260000C9260000C926000044
:10010000C9260000C9260000C9260000C926000033
:10011000C9260000C9260000C9260000C926000023
:10012000C9260000C9260000C9260000C926000013
:10013000C9260000C9260000C9260000C926000003
:10014000C9260000C9260000C9260000C9260000F3
:10015000C9260000C9260000C9260000C9260000E3
:10016000C9260000C9260000C9260000C9260000D3
:10017000C9260000C9260000C9260000C9260000C3
:10018000C9260000C9260000C9260000C9260000B3
:10019000C9260000C9260000C9260000C9260000A3
:1001A000C9260000C9260000C9260000C926000093
:1001B000C9260000C9260000C9260000C926000083
:1001C000C9260000C9260000C9260000C926000073
:1001D000C9260000C9260000C9260000C926000063
:1001E000C9260000C9260000C9260000C926000053
:1001F000C9260000C9260000C9260000C926000043
:10020000C9260000C9260000C9260000C926000032
:10021000C9260000C9260000C9260000C926000022
:10022000C9260000C9260000C9260000C926000012
:10023000C9260000C9260000C9260000C926000002
:10024000C9260000C9260000C9260000C9260000F2
:10025000C9260000C9260000C9260000C9260000E2
:10026000C9260000C9260000C9260000C9260000D2
:10027000C9260000C9260000C9260000C9260000C2
:10028000C9260000C9260000C9260000C9260000B2
:10029000C9260000C9260000C9260000C9260000A2
:1002A000C9260000C9260000C9260000C926000092
:1002B000C9260000C9260000C9260000C926000082
:1002C000C9260000C9260000C9260000C926000072
:1002D000C9260000C9260000C9260000C926000062
:1002E000C9260000C9260000C9260000C926000052
:1002F000C9260000C9260000C9260000C926000042
:10030000C9260000C9260000C9260000C926000031
:10031000C9260000C9260000C9260000C926000021
:10032000C9260000C9260000C9260000C926000011
:10033000C9260000C9260000C9260000C926000001
:10034000C9260000C9260000C9260000C9260000F1
:10035000C9260000C9260000C9260000C9260000E1
:10036000C9260000C9260000C9260000C9260000D1
:10037000C9260000C9260000C9260000C9260000C1
:10038000C9260000C9260000C9260000C9260000B1
:10039000C9260000C9260000C9260000C9260000A1
:1003A000C9260000C9260000C9260000C926000091
:1003B000C9260000C9260000C9260000C926000081
:1003C000C9260000C9260000C9260000C926000071
:1003D000C9260000C9260000C9260000C926000061
:1003E000C9260000C9260000C9260000C926000051
:1003F000C9260000C9260000C9260000C926000041
:10040000C9260000C9260000C9260000C926000030
:10041000C9260000C9260000C9260000C926000020
:10042000C9260000C9260000C9260000C926000010
:10043000C9260000C9260000C9260000C926000000
:10044000C9260000C9260000C9260000C9260000F0
:10045000C9260000C9260000C9260000C9260000E0
:10046000C9260000C9260000C9260000C9260000D0
:10047000C9260000C9260000C926000053B94AB9A0
:10048000002908BF00281CBF4FF0FF314FF0FF309C
:1004900000F00CB8ADF1080C6DE904CE00F010F8D6
:1004A000DDF804E0DDE9022304B07047704700BFC7
:1004B000034613F8012B002AFBD1181A01387047A4
:1004C0002DE9F04786468C460846089E1546744638
:1004D0001946002B40F0C1808542B2FA82F245D91C
:1004E0004AB1C2F1200300FA02FC954094402EFA72
:1004F00003F343EA0C0C4FEA154EA8B2230CBCFBE5
:10050000FEF80EFB18CC08FB00F943EA0C439945B2
:1005100028D9EB1808F1FF3704D2994502D9A8F180
:1005200002072B44A3EB0903A4B2B3FBFEFC0EFBB2
:100530001C330CFB00F044EA0344A04214D92C19EC
:100540000CF1FF3304D2A04202D9ACF102032C44D7
:10055000241A43EA07401EB1D4400023346073607C
:10056000BDE8F0874746DDE76346F1E792BB431BF2
:1005700001214FEA154EAFB2200CB3FBFEFC0EFB7F
:100580001C330CFB07F840EA0343984561D9EB188C
:100590000CF1FF3004D2984502D9ACF102002B4493
:1005A000A3EB0803A4B2B3FBFEFC0EFB1C330CFB55
:1005B00007F744EA0344A7424DD92C190CF1FF3345
:1005C00004D2A74202D9ACF102032C44E41B43EA53
:1005D0000040C0E7C2F120039540944020FA03F1A7
:1005E0002EFA03F34FEA154E9040AFB20343B1FB2E
:1005F000FEFC0EFB1C10190C0CFB07F841EA004135
:10060000884522D969180CF1FF3004D2884502D9F7
:10061000ACF102002944A1EB08019BB2B1FBFEFC46
:100620000EFB1C110CFB07F743EA01439F420ED956
:10063000EB180CF1FF3104D29F4202D9ACF1020158
:100640002B44DB1B41EA004193E76046E3E7614648
:10065000F7E76046A4E76346B8E7834206D916B9D0
:10066000002108467CE7C6E900E0F9E7B3FA83F722
:100670008FB9834201D3724508D8BEEB020460EB08
:10068000030301209C461EB9002169E73846FAE7BA
:10069000C6E9004CF8E7C7F1200CBB400EFA07F59D
:1006A00022FA0CF42EFA0CF1BA401C4320FA0CF397
:1006B000B8404FEA144901431FFA84FEB3FBF9F82E
:1006C00009FB18300B0C08FB0EFA43EA00439A456D
:1006D00040D9E31808F1FF3004D29A4502D9A8F1B5
:1006E00002002344A3EB0A0389B2B3FBF9F809FB28
:1006F000183308FB0EFE41EA03418E452CD96118E0
:1007000008F1FF3304D28E4502D9A8F10203214437
:1007100043EA0040A1EB0E01A0FB02984145CE4602
:10072000434602D306D14D4504D20138B9EB020E3F
:1007300068EB0403002EA7D0B5EB0E0261EB0301BA
:1007400001FA0CFC22FA07F3F9404CEA0303C6E96C
:10075000003199E74046C5E74346D9E72DE9F04F18
:1007600083B000AF3B4D284608F02DFF2B680446B0
:10077000002859D06C4688B06A463749C2E905134B
:100780004FF400739383354B42F8103F00234FF42E
:10079000E651334800F0F0FFA5460321314A3048C6
:1007A00007F0FBFF0024DFF8C0B0DFF8C0A04FF077
:1007B000000904EB44082D4ED84430220021504655
:1007C00009F0DFFAB8F80030338098F80230B370DF
:1007D000AB687B609B6803BB7B6810221B6851463B
:1007E0001C489847034620B10121214A1C4807F0C4
:1007F000DDFF40F21B60002109F1010905F0B0FDA9
:10080000B9F1100F06F10306D7D103230134B4FB6D
:10081000F3F303EB4303E41AC9E70E4898470F28A4
:10082000DAD86FF02103DFE788B06A461149C2E9E0
:1008300005134FF400739383084B42F8103F4FF4B5
:10084000E2510346064800F097FF20460C37BD46AC
:10085000BDE8F08FA0A00000B4C1000003000001BB
:1008600018AA0000CEC1000025C20000D01200204E
:100870000BC20000EAC100002DE9F04F91B00093D7
:1008800002F004030293C2F3C20301338407054656
:100890000E46DDF868800392059340F0BB81041D8D
:1008A00030B1072909D86FF01B0011B0BDE8F08FF7
:1008B00001F007063444C6F10806009B4FF000091A
:1008C0004FF0040A591E4FF0FF334F460193CB46B9
:1008D0005346CDF810900DB1009A2260059800287B
:1008E00000F3E8809848009A824203D397488242F6
:1008F000C0F0E080039AA4EB050E92074FEA9E0039
:1009000000F103810F2F00F2B180002D00F005816E
:1009100007F140020DEB020C019A0CF8200C0CF8C8
:10092000102C049801300490E7E07A285DD84B2819
:100930000ED8472859D829282DD8252852D054D840
:1009400020287AD02338D0F1000B4BEB000B74E059
:100950004C382E2849D8DFE800F07048484848480D
:100960004848484848484B484848484848484859F3
:10097000484B4B595959704B6D487048184B1848A3
:1009800048827F4B48484B487F0000204FF0000BC7
:100990004FF0040A38E001222A38C0B202FA00F00F
:1009A00010EA0E0F49D110F0625C2FD110EA020B51
:1009B00043D06046013C5444B4FBFAF40AFB04F40F
:1009C000002D61D0A3EB050CA444B4453FF66BAFFA
:1009D000002868D1042B47D158F8043B2360042336
:1009E00004342AE0019A013A01924FF0000B24E00E
:1009F00011F8010C6C2834D1002011F8023C834618
:100A00006C2BC5D14FF0080A5346D3E708F107080D
:100A100028F00708073424F00704F8E802AB35B1E2
:100A200006982044B0423FF63EAFC4E900AB4FF019
:100A3000000B08344FF0080A534611F8010F002844
:100A400078D0BBF1000F7FF470AF2528F5D14FF0BF
:100A5000010B019B013301934FF0040AECE7584668
:100A600094E700208346A5E7082B02D06FF015001D
:100A70001BE708F1070828F00708F8E80223C4E993
:100A8000002308230834D8E768B9042B02D108F101
:100A90000408A4E7082BE9D108F1070828F00708A3
:100AA00008F10808EDE7059A013A059258F8042B79
:100AB000009210E7039A900720D54FF0010CA4EBA9
:100AC000050E4FEA9E00BEF5007FCFD20F2FCDD886
:100AD000F5B107F140020DEB020E019AC0B20EF81B
:100AE000200C0EF8102CBCF1000F3FF41AAF60F090
:100AF0007F000EF8200C09F101090137C5F1080249
:100B00004FF6DA7E0434069297E74FF0000CDAE7EE
:100B1000BCF1000F01D00136EFE702980236002841
:100B2000EBD10098CDE90631FFF7C2FCDDE90631D3
:100B30000644E2E7631BB3F5806F97D245B9A6F18F
:100B40000804E018B1E600BF7C9E0000D8CD00008C
:100B5000029A9B0828602B709DF81030C2B1EB7090
:100B600085F80290B9F1000F05D0002208A8C5F160
:100B7000010C97420ED14FF0000AC5F101030DF1AF
:100B8000200801930DF1300B574512D1601B8CE604
:100B90006B70E5E710F8013B190608D50CEB040E65
:100BA000B64503F07F033FF67EAE04F8013B013209
:100BB000DFE7B9F1000F03D098F90020002A17DB16
:100BC000029BD3B11AF80B2004F8012B0022019BE1
:100BD00018191044B0423FF666AE98F8000000992C
:100BE00004F8010B2046039209F0BEF8039A14445E
:100BF0000AF1010A08F10108C6E798F8002055F843
:100C000022300093029B009845F82230FFF750FCF9
:100C1000421CDCE76FF00D0047E600BF2DE9F04F06
:100C200097B000AFD7F880B03B62CBF3C003044667
:100C3000894690F802A0FA62BB6141B94578007814
:100C40000AEB800020444D4517D8A0EB0409E37857
:100C5000FB61BAF1000F02D01BF0010F16D1FB6946
:100C600053BBFB6A1BB1494620463A6A98474D463A
:100C700028465C37BD46BDE8F08F461C3046FFF77E
:100C800017FC0130304409F10109DCE76268237880
:100C90007A62FA6A9900796104EB8301002A40F0D4
:100CA00001810E464FF000084D4601EB0A094E4502
:100CB0004CD101EB0A0610E01BF0020FD1D02378D3
:100CC0009A007A61626804EB83017A62FA6A002A08
:100CD00077D14D46904601EB0A061BF0050F0CBF7D
:100CE00002230123FB62FB6906EB430A0BF00203BC
:100CF000BB625645BCD016F8021B16F8013C54F8EE
:100D00002390994B994502D3984B994536D3BB69AB
:100D1000002B40D0786A07F028F900283BD0E9463C
:100D20008AB06A46924B53617B6AC2E906314FF43E
:100D3000007313848F4B42F8103F00234FF412517D
:100D40008D4800F019FD023DCD46D2E716F8013B73
:100D5000F96254F82300FFF7ABFBD7F88430F96A47
:100D600001304BB1D7F8883098453EBFD7F8843072
:100D700023F8180008F10108054498E7BB6923B17E
:100D8000786A07F0F2F80028C9D11BF0010F05D1ED
:100D9000FB6AED1AADE7BB6A002BAAD04846FFF705
:100DA00087FBD7F8843053B1D7F8883098453FBFD8
:100DB000D7F88420431C22F8183008F101080544B4
:100DC00097E7BAF1000F73D01BF0040673D0D0463A
:100DD000002607F1480052463B61B96208F0C4FFA3
:100DE000B96A3B6901EB0A02BA62FA69F969520011
:100DF000FA60BA6A02EB41023A610BF00202BA6091
:100E00003A69B96A8A4258D162781BF0020F18BF5A
:100E100000217A6208BF4FEA5801B2181BF0010F97
:100E2000D2B240F09F801BF0040F14BF4046002058
:100E3000BB616270A070E17020463A6A7969FB6A12
:100E40009847051EFFF614AFBB69414623707B6AC5
:100E50003A6A6370FB6984F802A0E37007F1480006
:100E6000FB6A9847B0F10008C0F2BA807B69A9EB31
:100E70000A01C91AFB683A6AC91AD7E90A039847EE
:100E80000028C0F2AF804FF0000BA84408EB00052B
:100E900007F1380AB34571D300213A6A0846FB6A64
:100EA0009847E5E656464FF0000807F1380092E70C
:100EB0005646D04696E7B04694E7BA6A12F8021B47
:100EC00012F8015CBA6254F82500274A904202D316
:100ED000264A90421ED3BA6932B1786A7B6007F025
:100EE00044F87B6800288BD1BA6802BB08F128025D
:100EF00007F1300C08F10100944407F1580208F1A1
:100F0000020852FA80F00CF8101C5FFA88F800F81A
:100F1000105C75E7BA693AB1786A7B6007F025F82A
:100F20007B6800287FF46CAF1BF0010F09D006F13D
:100F3000280207F13000711C161806F8205CCEB2AA
:100F40005EE71BF0040F3FF45BAF08F1280207F1E6
:100F5000300008F1010102EB000808F8105C5FFAAC
:100F600081F84DE7002063E77C9E0000D8CD0000AB
:100F700033C2000004000001E0A900001BF80A30A1
:100F800054F8239087F83730D7F884302BB3D7F84C
:100F900088309B4521D2D7F8843033F81B8001215B
:100FA0003A6AFB6A07F13700984700281ADB0544C4
:100FB000B8F1000F06D14846FFF77AFA00F10108B0
:100FC0001FFA88F8414648463A6AFB6A9847002863
:100FD00008DB05440BF1010B5CE74FF00008DEE78E
:100FE000454645E6054643E6014B1860704700BF9D
:100FF000D000002080B505460E461746984605F0FD
:1010000001FA034608F030FF0446DFF81890424624
:1010100049F8003039463046A84754F8090001F035
:101020003DFA00BF080000002DE9F047058B04469B
:101030002807904611D4022905F0070540F0CC801E
:10104000204607F032FA78B10138218B042811D8F4
:10105000DFE800F0C2106D85950001290CBF45F056
:10106000100545F02005258388F31188BFF36F8FA5
:10107000BDE8F08701F0070AAA4500F0A580002727
:10108000B9463E46A368002B00F0BC8041F0080141
:10109000218388F31188BFF36F8FA168002900F0C6
:1010A000BA800D68002900F0B680334652462046CB
:1010B000D1F80480C047002D76D02B6829461D4604
:1010C000F0E701F007035A1F012A1BD8002221F084
:1010D0000701062B276889B2C4E9002209D13B46E3
:1010E00003E0628B013262831B68002BF9D141F06F
:1010F00002012046218307F0D8F900287AD041F078
:10110000200176E0042B0AD121F0070189B22046A4
:10111000218307F0CAF910B141F020012183218B0E
:1011200001F0070AAA454FD00027B946AAE723696C
:1011300021F0070141F00601062DD3F8009021832C
:101140002DD1B9F1000F3FD041F00801218388F380
:101150001188BFF36F8F20463949C84729E021F035
:101160000701236941F0040189B2042DD3F80490EA
:101170002183E6D000274FF0040A3E4682E721F0A3
:101180000701236941F0050189B2052DD3F80890C4
:101190002183D6D000274FF0050A3E4672E700278C
:1011A0004FF0060A3E466DE72B4687E7B9F1000F80
:1011B000D1D1EFF31188202383F31288BFF36F8F0F
:1011C000238B23F008032383258BEA062ED525F0F5
:1011D0001003238305F007056669218B002EBFF6F7
:1011E00070AF00232768C4E9003321F0070141F004
:1011F00001012183218B4FF0000901F0070AAA4564
:101200007FF440AF002F9CD041F00801218388F388
:101210001188BFF36F8F002FC8D03D683946334621
:101220005246204607F06DF92F46F4E7AB067FF5EE
:101230001BAF25F02003238305F0070500E700BF5F
:101240002F8500002DE9F047044607464FF00109BD
:10125000DFF8508014B93846BDE8F08794FAA4F559
:10126000B5FA85F509FA05F32E0108EB05156FEAC5
:10127000030A24EA03042B7B002BEBD058F806303A
:101280001B694BB94644736804222846196807EA6B
:101290000A0707F012FADDE7284698470028D9D157
:1012A000F0E700BF60AA000030B5002289B00F4906
:1012B0000F4808F0D7FA002200230024CDE90623C6
:1012C0000E230C4DCDE903344FF440722846CDE98E
:1012D0000144094B0949009404F0A4FD084928463B
:1012E00008F0B0F9204609B030BD00BF051300007A
:1012F00080070020E80200201D160000A014002036
:10130000E7C20000014804F0B9BC00BFBC020020E5
:101310002DE9F047804621480F4607F0B2F906460E
:10132000002833D000252846BDE8F087237B83B111
:101330002368DB680BB120469847636883F8069002
:1013400023681B69D3B9636804222046196807F033
:10135000B4F9013610345445E8D3B8F1000FE2D0A7
:10136000002DDFD02846FFF76DFF0546002FF7D090
:10137000002140F2391004F0F3FFF1E720469847CE
:101380000028E0D009FA06F31D43E2E705464FF0D6
:101390000109034CDFF80CA0DDE700BFE8090020DD
:1013A00060AA000070AA0000014B53F820007047AB
:1013B000BCAA000008B5034608462BB1044A1360D6
:1013C00000F070FC002008BD6FF01500FBE700BFC7
:1013D000D400002010B5044C237813B9034804F05E
:1013E0004DFC0123237010BD00130020BC0200201F
:1013F00010B50446094807F044F93CB1084BD3E85E
:10140000EF1F0139C3E8E21F002AF8D1054808F0B0
:1014100035FABDE81040044804F030BCE009002073
:10142000E409002080070020BC02002000200146C3
:10143000034BD3E8EF0FC3E8E21F002AF9D170474E
:10144000E009002070B5FFF7F1FF0546074C084E94
:10145000B44200D370BD63685B792BB123685B68CD
:1014600013B12946204698471034F1E760AA0000DE
:1014700070AA000010B5044C0449204606F0AEFEE8
:10148000034B1C6010BD00BF1C020020A8AA000076
:10149000D809002000230D4A10B513700C4A0D49DD
:1014A00013600D4A0D481360FFF784FFFFF7E2FF5A
:1014B0000B4B0C4918468B4200D310BD1A1A5C68BE
:1014C0001211013222711033F5E700BF0113002021
:1014D000E009002040420F00E40900207F86000060
:1014E00060AA000070AA0000014600220023014803
:1014F00006F095BE1C020020014806F02EBF00BF7A
:101500001C020020024B0146186806F07ABF00BF9B
:10151000D8090020014806F0AFBF00BF1C02002020
:1015200070B5274B1878002849D0FFF7E5FF05462E
:10153000002841D1234B244C1B68002B19DD08F0F7
:101540008FF94FF47A75A0FB050647F612220023A7
:1015500005FB0161FEF792FFD4E90032C01A40F2A8
:10156000E93361EB0201984271F1000101D3FFF709
:1015700069FFD4E9003213F57A7342F10002C4E93D
:101580000032BDE87040FFF7C5BF63685B7923B1E7
:101590002368294620461B6898471034B442F4D388
:1015A0002846FFF7AFFF094BD3E8EF1F0139C3E827
:1015B000E21F002ABED0F7E7054C064EEEE770BDED
:1015C00000130020E009002078070020E409002033
:1015D00060AA000070AA000070B50D4D297861B9AD
:1015E0000120FFF795FE0B4C0B4EB44206D3FFF7DC
:1015F00097FF0028FBD101232B7070BD63685B79D6
:101600001BB1236820469B6898471034EDE700BF64
:101610000113002060AA000070AA000000212DE93B
:10162000F0470846FFF774FE044658B340F21B68C3
:101630004FF0000908F018FC1B4B1C4A1B581360A4
:1016400033B11B4B1B68092B02DD1A4804F016FB53
:101650000025194FDFF85CA044B12046FFF7F2FDEA
:10166000044618B94FF0FF384FF0FF39FFF758FF25
:10167000064628B9B5B942464B46504604F032FBFF
:101680003546E9E74FF0FF384FF0FF39D2E72B68D6
:101690009B691BB100222846114698471035BD4270
:1016A000F5D3E8E7054DFAE708000000DC09002063
:1016B000E4090020BC02002070AA000060AA00001B
:1016C00013B5184806F0DDFF174B1B7873B1EFF325
:1016D0001184202383F31288BFF36F8FFFF720FF5D
:1016E00084F31188BFF36F8F02B010BD0F4B1B68DE
:1016F000002BF9D050B9002200230D48CDE900237A
:1017000047F61222002305F065F9EDE70928EBD131
:10171000074808F0B3F8074802B0BDE8104004F0ED
:10172000ADBA00BFE409002001130020DC0900204D
:1017300080070020BC02002010B5064B04461B6841
:1017400098472146A060044806F0E8FDBDE8104037
:10175000FFF7B6BFD40000201C020020044A054B4E
:101760009B1AB1EBD30F34BF52F831000020704701
:10177000D8A9000060AA00002DE9F04F8FB0C1F396
:101780004A2804AF0D469146B8607B600C0DB8F155
:10179000000F63D000264FF0040B4FF00A0A07F148
:1017A0001403C7F80C80C7E907667E620193CDF881
:1017B00008B0CDF800A007F11C0332464846F9688E
:1017C000FFF72CFAB0F5006F03461CD36C468AB0C5
:1017D000D9F8041004AB26481A46C3E9050140F2C3
:1017E000FF71D9614FF400711984224B42F8103F08
:1017F0004FF4125133462048FFF7BEFFA5462C3761
:10180000BD46BDE8F08FC0F30A0804F11700184484
:1018100020F0070080083B60FFF766FE68F3532561
:10182000044690B13B6800F11001C7E9083607F1A2
:101830001403F961CDE900A3CDF808B048460F4A7A
:10184000F96807F11C03FFF7E9F968F353252A4605
:1018500020467B68B96806F050FFD0E704F1170016
:1018600020F007008008FFF73FFE0446EDE700BFC9
:10187000FCC200000400000100AA0000CD860000A8
:101880002DE9F04F87B00446DDE9105ADDE9127901
:10189000934698460391BFB13B4652461021002023
:1018A000CDF80090CDF81490FEF7E6FFB0F5006F8C
:1018B00006460AD340F2FF730221174A174807B0C1
:1018C000BDE8F04F06F072BF3E4605F11700304408
:1018D00020F007008008FFF707FE04F007040BF074
:1018E000070BE40044EA8B1444EA462444EA055416
:1018F000054640B13FB13B4652463146CDF80090D7
:101900001030FEF7B9FF434622462846039907B038
:10191000BDE8F04F06F0F1BE3BC3000000AA000096
:10192000406820B1034BC01A40F3CF0070474FF01E
:10193000FF307047D8A900000EB403B503AB53F8CD
:10194000042B01460448019301F0DEF802B05DF873
:1019500004EB03B0704700BFF7870000CA0605D448
:101960008B064CBF02490349FFF7E6BF704700BF33
:1019700074C3000073C300002DE9F04F89B09B468B
:10198000149B9DF84CA00693159B04460593169B4B
:101990000D469046179E0493BAF1000F00F09D800B
:1019A00006F48073079306F086FE06F002090246ED
:1019B00000283ED020469149FFF7BEFF0746B9F107
:1019C000000F08D016F0440F35D12A4620468C4926
:1019D000FFF7B2FF074406F0010353B1894B2046DD
:1019E00053F82A20884B8949002A08BF1A46FFF776
:1019F000A3FF06F48073002B49D006F00803002BE8
:101A000063D1B8F1000F66D0424620468049FFF707
:101A100093FF0546069B3D44002B6DD1049B002B94
:101A200073D1F30700F1E48031462046FFF796FFBB
:101A3000D8E00746C3E7774B18680028CAD0764B32
:101A40004FF47A791B684FF03C0CB5FBF3F5B5FB0E
:101A5000F0F14FF4616300FB115509FB05F5B1FB93
:101A6000F3F2B5FBF0FE03FB121100FB1E55B1FBB8
:101A7000FCF309FB05F5B5FBF0F50CFB1311204653
:101A80000091CDE901E56549FFF756FFA2E706F0B1
:101A90000803EBB1624B204653F82A206149FFF757
:101AA0004BFF0546B8F1000F05D042462046584985
:101AB000FFF742FF0544BBF1000FABD05A4620466A
:101AC0005949FFF739FF0544A4E74FF0000BE1E760
:101AD00006F00805E6E745469CE7BBF1010F069BCB
:101AE00006D1002B64D1049B002B7BD000250CE099
:101AF000002BF8D04D485CE04D48069B22464D49EE
:101B000006F002FA049B002B68D0DFF82C81DFF886
:101B10002C91049F3146102F204628BF10274FF0EC
:101B2000000BFFF71BFF5D4545DC059B4946204642
:101B30001A78FFF701FF4FF0010B1BF0070F03D1DD
:101B400041462046FFF7F8FE5F453BD9059B4946D5
:101B5000204613F80B20FFF7EFFE0BF1010BBBF152
:101B6000100FEAD14FF0000B20463549FFF7E4FE95
:101B70005A46059B20469A5CA2F120015F2928BFA6
:101B80002E223049FFF7D8FE0BF1010BBBF1100FED
:101B90001DD01BF0070F03D141462046FFF7CCFEB6
:101BA0005F455A46E5D841462046FFF7C5FEEBE7BC
:101BB0001F485546A1E741462046FFF7BDFE0BF101
:101BC000010BB0E720462049FFF7B6FEC5E7059BAD
:101BD0003B440593049BDB1B04939AD1BAF1000F9D
:101BE0007FF41FAF204609B0BDE8F04F06F0F6BD08
:101BF0002046054A0549FFF79FFE15E77BC3000015
:101C00007FC30000CCAA000076C30000CBC1000057
:101C1000A4C30000F0090020EC09002088C30000E4
:101C2000E0AA0000A8C30000AEC3000025880000A1
:101C3000F7870000092B0000BBC30000B3C30000FE
:101C4000BDC30000BFC30000B9C3000042F20F7360
:101C500073B58B4228BF0B460568044605216846CC
:101C60000D4A05F0E9FD0646636828460B225B68CD
:101C70000A4906F0A5FD63683246694628465B6856
:101C800006F09EFD63681B2228465B68044906F047
:101C900097FD02B070BD00BF5AC50000DEC3000052
:101CA000C2C3000000210123064A904206D8064A1A
:101CB00001B901231360054B1860704701214008EA
:101CC0005B00F2E740420F00EC090020F009002021
:101CD0002DE9F34143680DF107011C681048656860
:101CE00006F003FE30B99DF80710012902D10C4817
:101CF00000F030F801232B7525682F68D5E90136EF
:101D0000D3E9004824B96B681C6002B0BDE8F081DB
:101D1000214630464246B847241A0644F2E700BF3F
:101D2000C89F0000F8B50D460446064F4618B44259
:101D300001D12846F8BD14F8011BBB6801485B6857
:101D40009847F4E7C89F0000014B036000207047EC
:101D500028AB000070B5046A0D469CB31E4A237977
:101D6000565CB34231D01D4A525C9A4230D1A368CE
:101D70009847002810DA022D0CD0032D0BD110F15A
:101D8000860F07D0D4E8EF3F43F00203C4E8E23FF8
:101D9000002AF6E7267170BD022D267101D00020C1
:101DA000F9E7D4E8EF3F23F00403C4E8E23F002A58
:101DB000F7D1D4E8EF3F23F00203C4E8E23F002A62
:101DC000EDD0F6E76FF05700E5E76FF07700E2E758
:101DD0006FF08500DFE700BF47C4000043C4000088
:101DE00008B5044806F0E8F8BDE80840024806F0E7
:101DF000E3B800BF4BC4000081C4000008B503482D
:101E0000034A0021121A06F0AFFD08BDE8020020C7
:101E10009C140020074808B5074A0849121A06F022
:101E2000A5FDBDE808400648064A0749121A06F013
:101E30009DBD00BF40000020E4020020D8CD00007E
:101E40004000002040000020D8CD00002DE9F047E0
:101E500006460C4600AF002936D0D1E90012E9460B
:101E60008AB06D46A3684FF0050AA8461F48C5E929
:101E70000723C5E9050148F810AF002342464FF497
:101E800021511B48FFF778FCD4E90312CD46636962
:101E9000AD461848C5E90723C5E90501C5F810A0F6
:101EA000002342464FF421511148FFF765FCCD460F
:101EB000E3690121104A0E4806F078FCA36901216C
:101EC0000E4A0B4806F072FC012E07D1EFF3058392
:101ED0000B4A31460648103B06F068FC2146304666
:101EE00003F07CFCBD46BDE8F08700BFAFC4000036
:101EF00028AA0000DEC400000DC500001CC50000BB
:101F00004AC5000030BFFFF7FDBF00BF2DE9F0411B
:101F100005460B4EDFF82C80324606EB0807CC1B3B
:101F20002046094907F020FFA01942460021083C3D
:101F300007F027FFC5F8804007F10800BDE8F081F1
:101F4000000000000400000070AA0000054B5A6960
:101F50009B689A421FBF044A536843F08053536002
:101F6000704700BF640C002000ED00E070B52A4C03
:101F700006460D4629482A4906F005FDA36ADB06F8
:101F800047D52648274906F0FEFC1120A36A1C0706
:101F900004D52248244906F0F6FC12201E4CA36A00
:101FA000990712D521491D4806F0EDFC636BA26A22
:101FB000120609D501211E4A184806F0F7FB1EB18A
:101FC000A36A23F08003A3621320134CA36ADE07E5
:101FD00004D51248174906F0D6FC1420A36A9C06C3
:101FE00004D50E48144906F0CEFC15200A4B9A6A17
:101FF000D10658BF9A6A9A6A920642BF5A6A22F478
:1020000000525A629A6A42F0FF029A6200232B70D1
:1020100070BD1020BAE700BF00ED00E028AA000064
:102020005DC5000073C50000A6C50000B9C500006D
:10203000D1C50000E7C5000006C6000010B5244C5D
:102040002449254806F09FFCA36A99013ED5224801
:10205000224906F098FC1E20A36ADA0104D51E4826
:102060001F4906F090FC1F20194CA36ADB0204D51F
:1020700019481C4906F087FC0220A36A1C0304D5FA
:102080001548194906F07FFC2120114CA36A590319
:1020900004D51148154906F076FC2220A36A9A035C
:1020A00004D50D48124906F06EFC2320084CA36AA3
:1020B000DB0304D508480F4906F065FC2420A36A19
:1020C0006FEA03436FEA1343A36210BD1D20C3E709
:1020D00000ED00E035C6000028AA00004DC6000053
:1020E00060C600007AC60000A4C60000C2C6000098
:1020F000E7C6000001C7000070B5294C06460D4632
:102100002848294906F03FFCA36AD9043CD5254854
:10211000264906F038FC1720A36A1A0504D5214881
:10212000234906F030FC18201D4CA36A9B0512D5EC
:102130001C48204906F027FCA36BA26A100409D5AD
:1021400001211D4A174806F031FB1EB1A36A23F492
:102150000043A3621920124CA36A590504D5114803
:10216000164906F010FC1A20A36ADA050ED50D48B0
:10217000134906F008FC1B20094A936A43F47F4385
:10218000936200232B7070BD1620C5E7A36A9B04E1
:10219000F2D504480B4906F0F6FB1C20ECE700BF23
:1021A00000ED00E028AA00002CC7000042C7000094
:1021B000A6C5000053C700006CC7000081C700001F
:1021C0009CC7000006C600002DE9F0418AB0654BAF
:1021D0000446D3F80480002600AFC8F3080586F350
:1021E0001188BFF36F8F02F07F43B3F17F4F07D1A8
:1021F00002F00C03082B12D15B495C4806F0C3FBCC
:10220000002634460023FB71EB1E092B00F2898067
:10221000DFE803F00A7F827B87878787878510073F
:102220004CBF0C460126EDE75149504806F0ABFB88
:1022300000234C4DFB71EB6A9A0705D54D494B487D
:1022400006F0A1FB002331E0EB6A002B01DA4A49DA
:10225000F5E7EB6A5B00F5D54849444806F093FB87
:102260006B69A26943F480736B61BFF34F8FBFF357
:102270006F8F6B6932F8022C23F480736B61BFF3AC
:102280004F8FBFF36F8F4DF602739A4207D0AB6A40
:10229000DBB26BB30120F91DFFF768FE37E023685E
:1022A0000121374A314806F081FA2368FA79DAB910
:1022B00007F1080504F1200C2A46206861680834FB
:1022C00003C264451546F7D17A6A002E45D0C2F3A1
:1022D000080121B96FEA52226FEA42227A62184657
:1022E00007F10801FFF7B2FD2837BD46BDE8F081D0
:1022F000AB6A13F47F4F04D00120F91DFFF7FCFEF9
:1023000005E0AB6AB3F5803F9CD3FFF797FE034629
:10231000CCE70020F91DBFE70020F91DEEE71949C1
:102320008DE7194A18F4F87FE8468AB0174B18BFB2
:1023300013466A461649103DC2E905134FF400736F
:102340001384144BD56142F8103F00234FF4115110
:102350000648FFF711FAC54674E722F4FF7222F02F
:102360000102BBE700ED00E0E2C7000028AA000080
:102370000DC8000024C8000045C8000053C8000074
:1023800072C800008EC80000C9C70000B4C70000B2
:10239000B2C8000004000001064B5A6942F0100266
:1023A0005A615A6942F480625A615A6922F00802FD
:1023B0005A61704700ED00E0EFF30880EFF3098108
:1023C00001B57246FFF700FF01BD00BF002080F39A
:1023D0001488BFF36F8F002080F30A8880F30B8886
:1023E0000F4880F3088801F01DFE00200D490860A9
:1023F000BFF34F8F00F02CF8202080F311880A489B
:102400004FF40061401880F30988EFF31480022133
:10241000084380F31488BFF36F8F00F0EFF80000DB
:10242000E024002094ED00E0A017002000231846CF
:102430000649D1F89020C2F30722934200DB70478F
:10244000C1F89830C1F8A0000133F6E700ED00E0D4
:1024500010B572B6002484F31388FFF7E7FF234614
:102460004FF0FF300C4A03F120010133102B42F8EA
:102470002100F8D100234FF0FF30074A03F160013B
:102480000133102B42F82100F8D162B6BFF34F8F11
:10249000BFF36F8F10BD00BF00E100E0084B9B68E9
:1024A00083420BD1EFF3058343B1064B5A6842F0E8
:1024B00080525A605A6A22F400425A6203F0A8BF5E
:1024C000640C002000ED00E016498A684FF03000EF
:1024D0001044EFF3098C80E8F01F202080F312886D
:1024E000BFF36F8F104F4FF000664A698A603E60FD
:1024F000D2F880000D4C2060D2F884000023C2F88E
:10250000843080F3118802F1300090E8F01F8CF3E2
:10251000098802F1000004B506F03DFABDE8044068
:1025200070470000640C002004ED00E0180A002051
:102530001EF0040F0CBFEFF30880EFF309808169F0
:1025400011F8021C0229FFD001B5724606F010FAFC
:1025500001BD00BF00B2002807DB01234109034A87
:1025600000F01F00834042F82130704700E100E096
:1025700000B200280CDB01220649430900F01F00CD
:102580008240203341F82320BFF34F8FBFF36F8F7A
:10259000704700BF00E100E0054B420953F82220DC
:1025A000012300F01F0003FA00F01040704700BF45
:1025B00000E100E000B2002801F10101ACBF00F130
:1025C0006040064B4FEA4111C9B2ABBF00F5614014
:1025D00000F00F0080F800131954704714ED00E06C
:1025E000044B054A23F07F039360BFF34F8FBFF383
:1025F0006F8F70470000000000ED00E008B5FFF7A6
:10260000EFFF074AD2F8883023F47003C2F888300D
:10261000FFF7F4FBFFF7FEFB00F046F803F0FEF9CE
:1026200000ED00E042F8203C009B0B4942F81C3CC6
:10263000019B21F0010142F8183C029B42F8081C62
:1026400042F8143C4FF0807342F8043C0023203AD7
:102650000265C0F884307047F50F000000B50D4BDF
:1026600015469860D0F880200B4B0E461A60036F19
:1026700083F30B882C4686F309880020034B984788
:102680002046002100220023014C2047A58900009C
:10269000F50F0000640C0020180A00201022014BE6
:1026A0001A61704700ED00E00023202040F20F1275
:1026B00010B5044CE1180133934281F80003F9D1BD
:1026C00010BD00BF00E100E008B5EFF30583064A46
:1026D000103B02EBC30152F8330049688847BDE85C
:1026E0000840FFF733BC00BFC4A000001FB5094C71
:1026F000094A23460121094800F012F900230393F7
:10270000074B0121E41A01A80193029400F012F989
:1027100004B010BD00F002200000002028AB000033
:10272000E802002010B50C7A0B6804F01F0223F0B9
:102730001F031A43CB68640923F01F03054943EACA
:10274000440343F00103C1F89800C1F89C20C1F88C
:10275000A03010BD00ED00E010B50A4BD3F890306A
:10276000C3F30723013B984208D901210346064AD7
:10277000064806F01BF86FF0150010BDFFF7D2FFFA
:10278000FBE700BF00ED00E0C9C8000020AA000080
:102790002DE9F04F8946144606464FF00008514D8A
:1027A00085B0C84527DAD6F804A0BAF1000F44D0A6
:1027B000BAF11F0F17D91AF01F0F14D1D6F800B0B5
:1027C0001BF01F0F0FD1584606F00FF907460AEB12
:1027D0000B00013806F009F9874210D06FF0150799
:1027E000414A3B4601E04346404A0121404805F04A
:1027F000DDFF6FF01504204605B0BDE8F08F17F13E
:10280000160FEDD0BC42EBDDC5F89870D5F89C10E2
:10281000C5F89870D5F8A03021F01F0143F01F0BC8
:10282000D6E900321A44994202F1FF3A1DD1D3454C
:1028300007D13146F8B206F0E1F808F101080C368C
:10284000AFE73146C5F89870D5F89C3022F01F02EA
:1028500003F01F031343C5F89C30E0B206F0CEF836
:1028600010F1160FC5D0441CE7E7C5F89870D5F8ED
:10287000A020013B23F01F0302F01F021343D345A6
:102880003146E0B2C5F8A030E8D006F0B7F810F154
:10289000160FAED0C5F89870D5F89C209DF808307A
:1028A0000BF1FF3B62F304038DF80830D5F8A0303C
:1028B0009DF808205B0863F347128DF80820D6E9DD
:1028C00000321344009323F01F035B44A3EB0A037D
:1028D000013023F01F036946C0B20393FFF73CFFAA
:1028E000BEE700BF00ED00E012C90000EFC8000025
:1028F00020AA00000522044BC3F89420BFF34F8F99
:10290000BFF36F8F704700BF00ED00E0BFF35F8F34
:102910000022024BC3F89420704700BF00ED00E096
:1029200010B5034C2278FFF733FF207010BD00BFB5
:10293000031300202DE9F74F294D8A4606464FF034
:102940000008AB46274FD0451BDAD6F80490B9F102
:10295000000F3FD031680846019106F046F8019912
:10296000044609EB0100013806F03FF884424FF0BD
:1029700014021D4B08D002FB08F36FF015024BF850
:10298000032003B0BDE8F08F14F1160F2C60F8D0CF
:102990001978A142F5DD02FB08B0C7F89840C7F8E6
:1029A0009840D7F89C4000F10801007B64F30400D4
:1029B0000871D7F8A0000C79400860F347140C7137
:1029C000D7F89C1021F01F016960D7F8A01021F002
:1029D0001F01296108F1010814350C36B3E700BF67
:1029E0001C0A002000ED00E003130020F0B541496F
:1029F000414CD1F890302568C3F307239D4287B03E
:102A000075D80020FFF782FF3C4BC1F8C0308542EB
:102A100016D13B4C01A82570FFF796F90025064614
:102A2000384FAE4213D1002023783249D1F890209C
:102A3000C2F30722934254DBFFF75CFF00202FE034
:102A4000616801EB0011FFF76DFE0130DFE70199CE
:102A5000280101EB0513DA683A40B2F5001F21D0D6
:102A6000B2F5800F2BD0B2F5801F38D15A689B6821
:102A70000958013B22F01F0003440120844623F043
:102A80001F0340EA4C10CDE902218DF8100002A985
:102A900020780593FFF760FE00281DDA6FF015001F
:102AA00007B0F0BD5A689B680958013B22F01F002F
:102AB00003444FF0020C012023F01F03E1E75A68A2
:102AC0009B680958013B22F01F0003444FF0000CA3
:102AD000062023F01F03D4E7237801332370013548
:102AE0009FE7C1F89830C1F8A00001339EE74FF08E
:102AF000FF30D5E700ED00E034AB0000AAFF440052
:102B0000031300200000F0FFF0B587B007460E4623
:102B100014460021102268461D4607F032F90223B0
:102B20008DF80230054B2A4621466846CDE90476E9
:102B3000019304F0ADFE07B0F0BD00BF2F8A000086
:102B400008B5024B1B689847002008BD300A0020DA
:102B5000034B044A1860937843F002039370704764
:102B6000300A0020E000002008B50649064821F0A0
:102B70000701C1F1005202F53C3205F06DF9002069
:102B800008BD00BFE7240020340A002008B5144A1D
:102B9000144B1A6000F040F84FF47A61124B002099
:102BA000D3F82436C3F30802C3F309434B4382F43A
:102BB00080720E49883201FB02334FF4FA215B0028
:102BC000B3FBF1F201FB1233B3F57A3F084B28BF98
:102BD0000132C3F804290122C3F8002608BD00BF52
:102BE0000020A107C401002000C0FF0010270080C2
:102BF0000000125048B1054B054A1B68B3FBF2F3C5
:102C00005843044B43F0010318477047C4010020A8
:102C100040420F0090AA00000122024BC3F8042496
:102C2000704700BF002008E0084B70B5C31A0D467E
:102C300007499B10044659434022064805F00BFF04
:102C40002B4601462046BDE870401847540A002034
:102C5000B76DDBB6149F0000402373B50B4C009397
:102C6000041B0B460D460A49A41061430646094A57
:102C7000094805F01BFF011E05DA30462B4602B05D
:102C8000BDE87040184702B070BD00BF540A002074
:102C9000B76DDBB6158B0000149F000070B50022E5
:102CA0000121044640F20510FFF784FC0F4801F0B3
:102CB000FFFA0F4B984215D101F00AFB26690D4926
:102CC000304605F041FC00280BDB01253564246902
:102CD000084904F11C0005F037FC002801DB002046
:102CE000E56470BD6FF00400FBE700BF398B0000A6
:102CF0000000AD0B5CAB00001FB500220123CDE945
:102D000002236B46084ACDF800D0CDF804D005F078
:102D1000FAFE002805DB43F609520023684602F05C
:102D2000E1FF05B05DF804FB338B000010B5EFF355
:102D30001184202383F31288BFF36F8F074A13682F
:102D400023F00201DB07116002D4012006F0B4FA7F
:102D500084F31188BFF36F8F10BD00BFA40A002059
:102D60000C22104B014602FB0033002030B4D3E9A3
:102D70000E529863EFF31180202484F31288BFF37E
:102D80006F8F1C6C04F0C00444F002041C6480F3D8
:102D90001188BFF36F8F1DB12B4630BC0248184716
:102DA00030BC7047540A0020149F000010B4EFF3A9
:102DB0001182202383F31288BFF36F8F16480168B6
:102DC00041F002040460C80707D482F31188BFF3FE
:102DD0006F8F012010BC01F097BA1049D1F80C1484
:102DE000C903F2D5EFF3118083F31288BFF36F8F1D
:102DF0000B490B6C03F0C00343F002030B6480F338
:102E00001188BFF36F8F82F31188BFF36F8F00209B
:102E100010BCFFF7A5BF00BFA40A002000E01050BF
:102E2000540A00202DE9F041012207463449D1E837
:102E3000EF3FC1E8E02F0028F9D133B931493248DA
:102E40004B60CB608A6005F092FB7B1E012B28D87B
:102E5000012F06D12D4BD3F8503403F00303012B7F
:102E60001FD006F0E9FB0546E8B9294B1B78D3B122
:102E700004220646254BC3F80823244CDFF894802F
:102E8000D4F84C24D4F84C34D20315D503F0030302
:102E9000012B01D0012F0FD165B386F31188BFF349
:102EA0006F8FBDE8F081EFF31186202383F3128842
:102EB000BFF36F8F0125E0E7BDB1304605F086FD19
:102EC000D4F8403413F0FF03DAD1D4F80821002AF3
:102ED000D6D0C4F80831D4F8083120220123C4F830
:102EE0004034C8F8A0212361CAE70021202003F064
:102EF00037FAE5E70422054BC3F80423D1E700BF06
:102F0000500A0020400A0020700A002000E0105003
:102F10009914002000E100E008B5074806F053FBD3
:102F200038B10648FFF714FE0448FEF75DF80020AC
:102F300008BD6FF01200FBE7C89F0000412F0000A2
:102F40000A2838B50446074D04D1AB680D21284640
:102F50005B689847AB6803485B68E1B298472046D6
:102F600038BD00BFC89F000070B5456806462B6994
:102F7000E3B11035284601F057FE0446B0B90146CA
:102F8000284601F011FE0E4B984215D122462846E4
:102F90000C4901F0DDFD22460121DB20FFF70AFB91
:102FA0002246012140F20D10FFF704FB3046BDE838
:102FB0007040054905F0AEBC6FF0040070BD00BF65
:102FC0000000AD0B55310000E78B00002DE9F04308
:102FD00040F206354668D00648BF0320337B02EA3C
:102FE000050558BFC2F3401087B001F01F07B5F5C3
:102FF000837F144647EA43178DF8030045D00FD866
:10300000062D44D007D8B5B1022D14D06FF01500AD
:1030100007B0BDE8F083B5F5807FF7D101250AE060
:1030200040F20222954234D0B5F5407F33D0B5F559
:10303000007FEBD1042522032FD5012372688B403A
:103040005360326982BB5F2F07F01F034FEA5711AD
:1030500077D83E4A52F8212084F4803102EB830273
:10306000D2F88030C1F30041C4F3404423F47063CC
:1030700044EA410423F00F031C4344EA800444EA79
:103080000524C2F880400020C2E70925D3E70825BF
:10309000D1E70625CFE70525CDE7630341BF01232F
:1030A00072688B409360CCE71036394630460DF19C
:1030B000020201F05BFD14F4403F80460CD139461A
:1030C000304606F0D0F9224B9845DCD130469DF8C9
:1030D000021001F0B7FDD6E74FF0000901AB394609
:1030E000304603AACDE90439CDE90199CDF80C9019
:1030F00001F0AEFB164B984288D114F4003315D082
:103100009DF8033084F48034C4F300448DF80E300D
:1031100039464B46304603AA8DF80C508DF80D40C9
:1031200001F082FC0A4B9842CDD06FE7CDE9043321
:1031300039460DF10303304603AA039301F088FBDF
:10314000F0E7203352F82330FFDE00BF80AB0000F1
:103150000000AD0B4209022A034670B503D0012AD4
:1031600018D0CAB170BD0E4E326951680029F9D02D
:10317000012503F01F030C689D400029F2D08A68E6
:103180002A4002D030464B6898473CB1236821461C
:103190001C46F2E7034EE7E7034EE5E72346F6E772
:1031A000809F00005C9F0000389F0000F0B516462D
:1031B000426801F01F04107B87B044EA4014106994
:1031C000002871D0B6F5001F02F1100506D1214686
:1031D000284606F04AF9002007B0F0BD0027B6F5F2
:1031E000800F01A8019747603BD1B3F1007F14BF66
:1031F000052304238DF804300023CDE90403039351
:1032000093680DF1030723FA01F111F001013DD19B
:10321000B6F1A07F3AD104F01F035F2C4FEA54109F
:1032200003F1200346D8254A52F8202052F82330D3
:10323000DB072BD43A462146284601F097FC204B69
:10324000984219D002972146284603AA01F000FBB4
:103250001C4B98422BD101222146284601F002FD49
:10326000B9E7B3F1C06F05D0B3F1007F14BF0123FC
:103270000223BFE70323BDE73946284601F0EAFCF5
:10328000104B9842DED06FF00B00A5E73A4621467E
:10329000284601F06BFC0B4B9842D4D128469DF890
:1032A000031001F0CFFCCEE76FF0850094E76FF0DC
:1032B000150091E751F82330FFDE00BF80AB00001E
:1032C0000400AD0B0000AD0BB0B500AF224D284699
:1032D00006F079F9034678BB6C4688B029686A46DF
:1032E0001E48C2E905014FF4007191831C4942F860
:1032F000101F4FF4E2511B48FEF73EFAA5466FF04F
:1033000012042046BD46B0BD2B686D468AB06A46A1
:103310001549C2E905130123C2E907344FF40073CC
:103320009384124B42F8103F00234FF431510D4863
:10333000FEF722FAAD46E4E72A69A9681368284631
:1033400023F0020313600B68002201219847041E3A
:10335000DADB0024D5E700BF389F00009CC90000DD
:1033600003000001F8A90000B3C900000500000136
:10337000B0B54468054600AF206806F024F960B196
:10338000E06830B90023E17FDAB291421ED8002014
:103390001AE006F018F90028F4D123686C4688B0CA
:1033A0001B686A461749C2E905134FF400739383FB
:1033B000154B42F8103F154800234FF4E251FEF739
:1033C000DBF96FF01200A546BD46B0BD226AD25CA3
:1033D0000133032AD8D96C4688B06A462B680C4959
:1033E000C2E905134FF400739383074B42F8103F73
:1033F000064800234FF4E251FEF7BEF96FF01500C6
:10340000A546E1E7F6C900000300000158AA000044
:103410000ECA0000036803F01F025F2B02604FEA30
:1034200053129ABF024B53F822000020704700BF8E
:1034300000AC00002DE9F04F9346074640F2FF181C
:10344000DFF86091DFF860A185B000EB8101B9423F
:1034500003D1002005B0BDE8F08F3B68C3F3C32261
:10346000082AC3F3080400F29980444508BF4FF0CE
:10347000FF34B3F1B05F19F802604FEA13620ED265
:10348000152A0ED8DFE802F010161C341F25340D63
:103490000D0D0D37630D0D0D0D0D0D0D6669382ADF
:1034A0005ED06FF08500D5E7CBF80446621C6AD188
:1034B0000437CCE7CBF80C46631CF9D000256BE051
:1034C000CBF81046F2E7631CCBF80046F0D000259D
:1034D00004E0CBF80446601CEAD0012503A803945D
:1034E000FFF798FF0122039B02FA03F383600BE0CE
:1034F000CBF80846E0E7CBF80046002EDCD1651C8F
:10350000D6D0002508262A463B68039403F40040E1
:10351000002818BF002203A818BF012501930092BC
:10352000FFF778FF039C019B00EB8400D0F88040FC
:10353000C3F3412C009A330243EA8C03134304EA99
:103540000A04234343EA4503C0F88030B0E7CBF8D0
:103550000446D2E7CBF84045BDE7CBF84445ABE79E
:1035600003A80394FFF756FF039B621C00EB830044
:10357000D0F8803023F0E04343F08043C0F880303F
:1035800096D0012508E0012503A80394FFF742FF28
:10359000039B05FA03F343602A46B5E76FF0150075
:1035A00058E700BF6ECA0000F0F0FCFFF0B583B032
:1035B000446800AF054605F092FBA06A002853D08E
:1035C00006F001F80346C0B9A26A6C4688B01168DB
:1035D0006A462648C2E905014FF4007191832449E7
:1035E00042F8101F23484FF4E251FEF7C5F86FF080
:1035F0001200A5460C37BD46F0BDE38DA06A94F8D5
:103600002C1043F400320126D0F810C013F0010F43
:10361000DCF8003006FA01F614BF3343B343D0F8A8
:1036200008E0CCF80030DEF8003098470028E1DBF5
:10363000A06A94F82C4006698368391D5B68984736
:10364000002807D0D6DB011E18BF0121284605F04F
:10365000BFFBCFE77B6832685A400123A3401A4280
:1036600014BF01200020EEE70146EFE777CA000013
:103670000300000138AA0000014905F06BB900BF42
:10368000D98F000007B50021C06801AA05F008FB2A
:10369000002804DA0121034A034805F07EF803B04C
:1036A0005DF804FBC6CA000050AA000038B5054604
:1036B00044680121E06805F062FC6B681968636981
:1036C000C1F82435E28BA38BA07E1343228C1343D5
:1036D000628C1343627E9BB20243207E02431343FB
:1036E000C1F86C3569680B68D3F8002242F4802277
:1036F000C3F800220822C3F800254A6A0121C3F852
:103700003C270022C3F840271965D3F8301100295F
:10371000FBD0C3F800252846BDE83840014905F034
:10372000F9B800BFD98F00002DE9F34104460D46DA
:10373000476805F081FFA8B92B4B1B7893B14FF078
:103740002008642663681B68D3F83031002B39D118
:10375000012005F0AFFD013EF4D10021202002F050
:10376000FFFDEEE72022EFF311831E4682F312885D
:10377000BFF36F8F61680968D1F8301121B983F305
:103780001188BFF36F8FEEE77B6A20461D70636878
:103790000DF107017F6A1D6805F0A7F89DF8072065
:1037A0004AB90123C5F83C77C5F84037C5F8302140
:1037B000D5F830212B6586F31188BFF36F8F02B0E7
:1037C000BDE8F081EFF311831E4688F31288BFF342
:1037D0006F8F62681268D2F83021002AD4D183F347
:1037E0001188BFF36F8FB8E7991400202DE9F047D7
:1037F00045680121D0F81080064600AFE86B05F05F
:1038000077FC296C481C1AD005F1440000F014FB29
:1038100010F1130F04460AD10121324A324805F053
:103820003CFC6FF012042046BD46BDE8F087411D08
:1038300005D101212D4A2C4805F02FFCF3E74FF06C
:1038400001096B6B9847D8F80850D8E9023203EBAE
:10385000C2039D4208D3404605F0A9FC30462449E6
:1038600005F058F80446DEE7286805F0ACFE03468C
:10387000B0B92A686C468AB0106829796A46D16165
:103880004FF400711B4D11841B49C2E9055042F8E9
:10389000101F4FF411511448FDF76EFFA546C0E705
:1038A00028682979EB88D0F810C0DA07DCF80040E6
:1038B00054BF43F4B01383F4D01323F4801209FAF5
:1038C00001FEDB07D0F808A04CBF4EEA040424EA4E
:1038D0000E04CCF80040DAF800309847041EA2DB52
:1038E0000835B2E705CB000048AA000030CB000045
:1038F000379100004DCB0000040000012DE9FF418D
:1039000005690646AA6CD0F804802B6D002A35D1D3
:10391000002B53D0B8F83840686C9C4228BF1C4636
:10392000EF6CEB6C53B12A6D42B107F06042B2F11B
:10393000005F03D0082C28BF08246F6E6A6CAC654A
:103940001AB1AA6C002A18BF224601921BB12B6D36
:10395000002B18BF2346009000226946404603937F
:10396000029701F017FE184B984229D06FF004011E
:10397000304604B0BDE8F04105F03BBC696CEF6C2B
:103980000846B8F83840ABB1934228BF13469C4272
:1039900028BF1C460029C4D001F06043B3F1005F8A
:1039A000BFD0082C28BF0824286E224606F0DCF978
:1039B000286EB6E7944228BF1446EBE71946D7E7CE
:1039C00004B0BDE8F08100BF0000AD0B10B5027877
:1039D0000346002A5FD10C69A26D32B9606D6FF0A9
:1039E0007301BDE8104005F004BCE06C40B1216DEE
:1039F00031B1DB6823B1834202D0616E06F0B4F9C5
:103A0000A36CA26D33B19A4213D90121224A2348F3
:103A100005F043FB236DA26D33B19A4222D90121F7
:103A20001D4A1E4805F039FB606DBDE81040FFF7E8
:103A300065BF9B1AA3647BB9636B04F1480208332A
:103A40006363A36B04F13801013BA36304F1340009
:103A500005F03BFB6064DDE7636C002BDAD01344B8
:103A60006364D7E79B1A23657BB9E36B04F15002CB
:103A70000833E363236C04F14001013B236404F148
:103A80003C0005F022FBE064CEE7E36C002BCBD0DA
:103A90001344E364C8E710BD71CB000048AA0000DE
:103AA0002DE9F04F8FB000AFFB6043680646BB6066
:103AB0008B88046998048846914634D44FF0FF32CD
:103AC0004FF0FF3304F1100002F00CF9C4F8048049
:103AD000D6F804B0D6F810A0DBF808303B609AF8AE
:103AE0005D3023B1DAF80030984500F0BD80B8F8B9
:103AF00004E01EF400631DD00121B24AB24805F073
:103B0000CCFA6FF08505236813B19B889B0405D41C
:103B10000023636004F1100002F0B0F828463C373F
:103B2000BD46BDE8F08FA369002BC7D163689942F9
:103B3000C4D1CDE71EF0010F15D06D4688B03168B5
:103B40006A46A248C2E905014FF400719183A04979
:103B500042F8101F4FF4E2519B48FDF70DFEAD46B1
:103B60006FF01505CFE71EF0080F05D0994A012127
:103B7000954805F092FAF3E7CEF34513082B01D0F0
:103B8000954AF4E7D8F800307B607A68934B9A4204
:103B900001D8934AEBE707F110050BF10C0CBCE8D8
:103BA0000F000FC5BCE80F000FC5D7E900329342E4
:103BB00094BF7B627A621EF0020F9CE803000EF055
:103BC000040385E803003DD0002B14BF0323022328
:103BD00087F82830CEF3001387F82930DBF800305F
:103BE000D3F80036591C11D01EF0020F03F01F024B
:103BF0007C484FEA5313CEF3400127D1022B00F249
:103C0000DB8050F82310012393408B609AF85D30DD
:103C10002BB1584601F078FC00238AF85D3033461A
:103C2000714A584607F1100101F034FC6F4A03460F
:103C3000904214D001216E4A634804F0B7FD6FF042
:103C4000040560E7003B18BF0123C1E7022B00F227
:103C5000B58050F82310012393404B60D6E7012331
:103C6000CAF800808AF85D30012384F85C30BB68B4
:103C7000196C4A1C0AD003F1440005F0CBFA7430E9
:103C800004D102215B4A504805F007FAB9F1000F50
:103C900068D1C4F834900023A36304F1480204F10E
:103CA000380104F1340005F010FAFB686064002B61
:103CB00060D1E3630023236404F1500204F1400166
:103CC00004F13C0005F001FA002501212A46E064D8
:103CD0002563204605F04BFA3046FFF70FFE2A46D3
:103CE0002B46A06B83424DD100231946256CA94277
:103CF0004FD19A4238BF1A46A0464FF4FA5303FBFD
:103D000002F558F8203B47F6122C1B6840F2E730CA
:103D1000B5FBF3F50021C8354FF47A720023E5FBBB
:103D20000C01FCF7ABFB02460B46404601F0DAFF04
:103D30000246002834D001212F4A234805F0ADF96E
:103D40000025B868A56501F0DFFB6FF07301304610
:103D500084F85D5005F04DFA404601F0E9FF6FF040
:103D60007305D0E6D9F800306363002B93D0D9F8FF
:103D7000043091E7FB681B68E363002B9AD0FB6873
:103D80005B6898E7616B01EBC301496801330A4442
:103D9000A8E7E06B00EBC100406801310344A6E7EF
:103DA000256B15F1740FCBD0002D3FF4ACAE01465E
:103DB000306905F0DCF9A6E68960FFDE00235B6070
:103DC000FBE700BF8FCB000048AA0000A9CB000092
:103DD00003000001CBCB0000EACB000047E8010064
:103DE00019CC000084AD0000CD3900000000AD0BFF
:103DF0004ACC000071CC00009BCC00005F2810B5BD
:103E000000F01F034FEA50140DD8094A52F824203D
:103E100002EB8302D2F88000064B034043EA8103A1
:103E2000C2F8803010BD0022203352F82330FFDE6C
:103E30001CAE0000F0F0FCFF0123F0B587B08DF858
:103E40000230022300248DF804306B4403930F46A4
:103E500001AB0DF10301049305460291059400F0B6
:103E6000F9FE0C4B064698420FD13946284603AA64
:103E700000F0EEFCB0420BD028469DF8031000F095
:103E8000E1FE6FF0040007B0F0BD6FF01200FAE73A
:103E90002046F8E70000AD0B70B514461D4605F04E
:103EA000E1F9A042A94113D30A4AD2E90061A41B57
:103EB00024F01F0365EB01009B1941EB0001C2E9EF
:103EC0000031640944EAC060BDE8704002F084BC7F
:103ED00070BD00BFC007002010B500220121E42002
:103EE000FEF768FB174A0020D2F8183723F4403356
:103EF000C2F8183700F094FF134B0446984208D1DB
:103F00000120124901F01CF8A04205D0104B984244
:103F100014D04FF0FF3010BD05F0A4F967220D4B0F
:103F200020F01F00C3E900010B4BC3E900010B4B5C
:103F300002201A60FEF776FF0020ECE76FF00B001E
:103F4000E9E700BF00200E500000AD0BC0010020CB
:103F50000200AD0BC0070020B80700203C0B00207A
:103F600008B505F07FF9054AD2E90032C01A61EBC5
:103F70000201400940EAC16008BD00BFC00700203F
:103F800037B5431C0CBF6FF0004420EAE07405F025
:103F900069F90D4BD3E90025801A61EB0503202157
:103FA000C4FB0103402873F100042CBF20F01F0163
:103FB000002352184FF0010145EB03030091034821
:103FC00001F022F803B030BDC0070020B801002086
:103FD000064BD3F840231C2A05D1D3F84403431ED3
:103FE0005842584170470020704700BF00C0FF0092
:103FF00003689A070CD50368DB070DD50922074B28
:10400000C3F80C250F22C3F8042501221A60FEE72D
:10401000034B0360EF3B0360704700BF008010500C
:10402000F000FA5008B501233E4A3F48C2F8003874
:104030003E4AD2F840231C2A04BF3D4AC2F80C3441
:10404000FFF7D6FF0830FFF7D3FF0830FFF7D0FFA8
:104050000830FFF7CDFF00F5F470FFF7C9FF354AD0
:10406000D2F88C3043F44063C2F88C300022D30085
:1040700003F57F0303F54043D3F8001401310AD060
:10408000D3F8001439B1D3F800140132D3F8043452
:10409000402A0B60EBD1234BD3F84024002A3DD0BB
:1040A000FFF796FF48B1214BD3F83423224B9A42B5
:1040B0009EBF1C4B214AC3F84026FFF789FF18B169
:1040C0001F4B204AC3F8AC27FFF782FF48B13422C8
:1040D000144BC3F82426D3F83C2622F40022C3F85C
:1040E0003C26124BD3F840331C2B08D1164BD3F887
:1040F0000026D20744BF6FF00102C3F80026032355
:10410000124A0C49C2F81835D1F88C3043F4406398
:10411000C1F88C300023C2F8A03508BDC822C3F80E
:104120004024BDE70000125000C50D5000C0FF0044
:104130000030055000ED00E0001D0A1840E0A91E07
:1041400000A0085078000A0400E0105000B00450AD
:1041500030B50468ACB1B4FA84F30122C3F11F0393
:10416000DBB29A4024EA0202D0E8EF5FA54204D114
:10417000C0E8EC2FBCF1000FF6D1EAD102480B7079
:1041800030BD0248FCE700BF0000AD0B0200AD0BE4
:1041900010B50368CB40DB0710D401238B400268C5
:1041A00043EA0201D0E8EF4F944204D1C0E8EC1F8B
:1041B000BCF1000FF6D1F2D1014810BD0148FCE777
:1041C0000000AD0B0400AD0BF7B5054648B3012860
:1041D00025D104224FF48073712032490024C1F8A4
:1041E0000803012002F1A04203F1A04303F5871365
:1041F00002F5871210601C601B682B4BD3F840330C
:104200001C2B13D0854201D10DF10704002342F28B
:104210001076244F8DF8073065B1012D2ED003B0F4
:10422000F0BD14224FF484730420D6E7012DEDD1A4
:10423000CD60E9E7D7F84C3403F480336CB9002B38
:10424000EDD0012005F036F8013EF3D1E7E701207B
:1042500005F030F8013EDFD1E1E7D7F84C2402F059
:1042600003022270002BDAD09DF80730002BEED02D
:10427000012DD4D100220D4B5A71D0E7D7F80C3460
:1042800003F480333CB9002BF4D0012005F012F880
:10429000013EF3D1C3E7002B0CBF012300232370A1
:1042A000E2D1E7E700E0105000C0FF00400B002023
:1042B000044B1A7922B9012218601A71024870471A
:1042C00002487047400B00200000AD0B0C00AD0B06
:1042D00008B50A4B1B6843B140F20510FEF75CF9C4
:1042E00018B940F20510FEF735F90022044BC3F867
:1042F00040240122034B1A7008BD00BF400B002070
:1043000000E010509814002010B510B1012845D0DD
:1043100010BD324BD3F84C14D3F84C24C80324D529
:1043200002F00303012B04D013B10020FFF74CFF70
:1043300000232A4A0420C2F8403410224FF4847328
:10434000002103F1A04303F5871319601C680124C1
:1043500002F1A04202F587121460214A1268002A75
:1043600036D01E4BC3F80403D2E7D3F84824D10754
:10437000DED5D3F850249207D7D4194A12681AB15F
:104380000422C3F80423C3E7D3F80821002AFBD092
:104390000022C3F80821D3F80831B9E700220F4BF7
:1043A000C3F81021D3F81011C3F81821D3F818114D
:1043B000C3F81421D3F814210A4AD2F840231C2A46
:1043C00004D000224FF480737120B9E79860F8E7B9
:1043D0001A68002AFCD019601B6899E700E01050A9
:1043E000400B002000C0FF0070B500251E4C1F4E82
:1043F000D4F80C3303B970BDB3FA83F3C3F11F03D0
:104400009A0002F5807292B202F1A04202F5871280
:10441000156012680122D8B202FA03F3DBB2102B46
:10442000C4F8083311D0402B1BD0042B16D1D4F87C
:104430004C14D4F84C14890710D1C4F84024C4F8A3
:1044400004332261D4F80C33D4E702237371C4F827
:104450001451D4F814312023C4F804333368984736
:10446000F0E77571FAE700BF00E01050400B002044
:10447000036803F01F025F2B02604FEA53129ABFDA
:10448000024B53F822000020704700BF28AE000006
:10449000034A4309D35C00F01F001844C0B27047C0
:1044A000D9CC000070B505460846FFF7F1FF3C2166
:1044B0002A79184B01FB0202083233F81200C105B9
:1044C00026D578240026C0F3432120F4F85023F8A1
:1044D00012002A7904FB02340E3434F8020F10F46F
:1044E000807F03D0C0F34320814211D00136232EB8
:1044F000F3D10020C2EB02120A4443F832007820C4
:104500002A79BDE8704000FB02306030FFF740BE02
:1045100070BD00BF480B0020F0B50646002487B0F0
:10452000114F019117F8012B06AB03EBD20313F8DF
:10453000143C02F00702D34013F0010306D101340A
:10454000032CEFD10023184607B0F0BD074A03AD96
:1045500007CA85E8070055F824100A6A46F824209F
:104560000A62002AEBD0EEE7E9CC000070AA000056
:1045700010B504460846FFF78BFF3C2303FB0400FD
:10458000024B083033F81000400B10BD480B0020E0
:1045900010B504460846FFF77BFF3C2303FB0400ED
:1045A000034B083033F81000C0F3400010BD00BFCB
:1045B000480B002010B504460846FFF769FF3C236E
:1045C00003FB0400034B083033F81000C0F3401025
:1045D00010BD00BF480B002078232DE9F04F6F4C31
:1045E0000E460C1BB4FBF3F4D0F81413DFF8B0B193
:1045F000C9B28BB041F400315BF83420009004F074
:10460000E6FE8103054638D50023E7000BEBC40422
:10461000CDE907330993636807A819460193FFF7AB
:104620007BFF3B1D03934FF0000A5E4B0DF11C090D
:104630000293029A12F8013B0292039A02EBD30210
:104640001BF8022003F0070322FA03F3DA071AD457
:104650000AF1010ABAF1030F09F10409E9D14FF493
:1046600000310022009804F0B2FE019907A8FFF77C
:1046700053FF0028D7D125F400350124002D76D131
:104680000BB0BDE8F08F484B53440493D9F80010A9
:104690000029DDD091FAA1F1B1FA81F1049B1C78D7
:1046A00041EA44142046FFF7F3FE083036F8108044
:1046B000C8084FEA98030593012319F8002001F078
:1046C000070103FA01F122EA010209F8002006A815
:1046D0000694FFF7CDFE069A059B203250F8222063
:1046E000C8F382075B07B846C2F3014223D53046C0
:1046F000D7B22146424604F039FE06A80694FFF7D9
:10470000B7FE069B203350F82330C3F301439F428A
:1047100007D10021204604F01AFE3946204604F055
:1047200016FE06A80694FFF7A3FE0122069B02FAD6
:1047300003F30362AAE7022A0DD10321204604F005
:1047400006FE07F00503012BEBD142462146304619
:1047500004F00CFEE5E702212046059204F0F7FD87
:10476000032FF2D0059A032ADBD1022FECE795FA4A
:10477000A5F3B3FA83F3009904FA03F225EA0205DC
:1047800003F5A27251F8222006EB43033046B3F83A
:104790006410C2F3014204F0E9FD6FE7480B00200A
:1047A00034AE0000E9CC0000E9CC00002DE9F7436D
:1047B00005460846FFF76CFE3C222B79204F02FB92
:1047C0000303083337F813300E46DB07044635D5AC
:1047D000284604F023FE95F8049031464846FFF73A
:1047E000E9FE60B14846FFF7C3FE0022D5F800801D
:1047F00000B208EB8003C3F81025C3F81025284643
:104800003146FFF74FFE3C222B7901A802FB0344FF
:104810000023083427F814300196FFF729FE019B86
:1048200000EB8300D0F88020064B134043F00203D6
:10483000C0F88030044803B0BDE8F0830348FAE7CD
:10484000480B0020F0F0FCFF0000AD0B0400AD0BA6
:104850002DE9F04F9046044685B00846FFF718FE54
:10486000D8F800900F4606462579B9F1000F23D0FD
:104870002846FFF78DFE18B12846FFF79BFE58BB70
:1048800000230DF10F02CDE900338DF80E308DF8C5
:104890000F300DF10E014B46384604F00FFD3C235E
:1048A00003FB05635D49083331F8132022F002024F
:1048B00042F0010221F81320D8F80430002B3FD039
:1048C0003946207993F80090D3F804A0FFF760FEF2
:1048D00020B1BAF1000F26D0514835E03C226A439E
:1048E000DFF838E102EB060C0CF1080C3EF81C3046
:1048F00023F02003DB04DB0C2EF81C30BAF1000F90
:1049000011D0B9F1030FE7D8D8F80410206849682E
:1049100091F800A000EB8A00B9F1000F17D1C0F8A0
:104920001095C0F810953C2303FB05653B4A0835FC
:1049300032F8153023F01C0343EA890322F81530BE
:10494000D8F8083063BB374805B0BDE8F08FD0F821
:1049500010B552442BF0030BC0F810B5206843EAA1
:104960004A3300EB8A01D1F810050EEB420220F425
:10497000473020F47C70C1F8100541F6F070D1F892
:1049800010B500EA071040EA094040EA0B0043F086
:104990002003C1F81005A2F864702EF81C30C2E79D
:1049A0003946D3E900852046FFF77CFDB8F1000FBA
:1049B000C9D078232079194F4343FA18FB589845FA
:1049C00004D153689D4201D100220CE0782303FBFF
:1049D00000700DF10F016030FFF7BAFB114B9842E8
:1049E000B2D19DF80F203C212379C3EB031313446C
:1049F00047F833802379C3EB0313134407EBC30356
:104A00005D60237901FB0363083337F8131041EA33
:104A1000422242F4807227F8132094E7480B0020CA
:104A20000400AD0B0000AD0B2DE9FF47054608461D
:104A300017461E46FFF72CFD8946044687B395F8B6
:104A400004804046FFF7A4FD18B94046FFF7B2FDC9
:104A500068BB3C2303FB0848DFF8E4A008F1080822
:104A60003AF8183013F01C0F02D07B78012B1ED0BF
:104A700001238DF80F3000237A1CCDE900734846DE
:104A8000BB1C0DF10F0104F019FC3C222B7902FB39
:104A9000034308333AF8132042F003022AF81320A4
:104AA000002E4BD049462879FFF772FD18B92548EA
:104AB00004B0BDE8F08700214FF03C0C30782B6843
:104AC000820003EB8003C3F81015C3F810152B798F
:104AD0001B490CFB0343083331F8137027F460477C
:104AE00027F0200721F8137077783FB32B68B6784A
:104AF0001A44D2F810E5144B3F040EEA0303C2F83F
:104B0000103541F6F07307F4403703EA0913360510
:104B1000D2F810E53B4306F48016334343EA0E0314
:104B2000C2F810352B790CFB0344083431F81430EB
:104B300043EA403343F0200321F814300348B7E739
:104B4000480B00200400AD0B0FE0ECFF0000AD0BA4
:104B500030B578250479044B05FB0434A160017954
:104B600005FB0133DA6030BD480B002070B50679D3
:104B700014463046FFF71EFD68B10846FFF788FC73
:104B80003C2303FB0600054B083033F81030044883
:104B90005B0B237070BD0348FCE700BF480B00208F
:104BA0000000AD0B0400AD0BF8B506460779782080
:104BB000194D00FB075393F8744054BB1846462226
:104BC0002146103005F0DDF83179144A336852F887
:104BD000316021468E4212D10022C3F30830C3F85F
:104BE00044210130D3F84421FDF7B4FC782303FBC2
:104BF000075501230A4885F874302B66F8BDCAB200
:104C0000920002F58070442A04BF1C501A580131EA
:104C1000E0E70448F2E700BF480B002034AE000094
:104C20000000AD0B0C00AD0B78210279044B01FBA9
:104C3000023393F87400003818BF0120704700BF9A
:104C4000480B00200079024B03EB8000FFF7A0BA6D
:104C5000C80100200079024B03EB8000FFF778BA0F
:104C6000C80100202DE9F74390F804900446484617
:104C70001746FFF79FFC0D46266800B34846FFF72E
:104C800087FC8046D8B94846FFF772FC05B2AD00F4
:104C900005F5807246F802802168B2582944D1F89F
:104CA000102542F00102C1F810252FB10122216820
:104CB00002FA00F3C1F8143303B0BDE8F083D6F86C
:104CC000143328469B035CBF4FF40033C6F81433FB
:104CD000FFF7DEFB3C22237902FB03000E4B08307A
:104CE00033F81030C3F38203042B11D0052B11D0FD
:104CF00001A80195FFF7BCFB019BC168D94001F0F9
:104D000001010231284603B0BDE8F04304F01FBBA7
:104D10000321F7E70221F5E7480B0020014902488B
:104D2000FFF75ABC480B002000A00D500149024873
:104D3000FFF752BCC00B002000C0105010B500247B
:104D4000037A0D49CA181B0103F1A04303F562233E
:104D500092F85420C3F82C450C2303FB021304687B
:104D6000DC6042681A610122007A18758B68824003
:104D700013438B6010BD00BF40000020074B027A38
:104D8000D3F8101521F001010A43C3F81025026879
:104D9000C3F8A4264268C3F8AC26704700200E5022
:104DA000012303FA00F010F0670F0AD0064B5B688E
:104DB000DB4303F067030342044B054818BF184662
:104DC00070470448704700BF400000200000AD0B52
:104DD0000400AD0B0800AD0B2DE9F048EFF3118195
:104DE000202383F31288BFF36F8F4FF0FF356FF0EE
:104DF0004044094ED6E900BC5D4574EB0C07F9D37D
:104E0000CCF31303C0E900B381F31188BFF36F8FB4
:104E10000248BDE8F08800BF40270E500000AD0BEF
:104E2000F0B53C4D85B02C78002C6FD13A4A01ABDF
:104E300007CA83E8070039491846D1F8102522F03F
:104E40000202C1F81025FFF799FF0723672202F03D
:104E500001012144013BCCB24FEA5202F7D1052CAB
:104E600056D119464FF0010C2A4E00246720CFB2CC
:104E700004E00CFA02F220EA0200013490FAA0F2F7
:104E80005FFA84FEBE45B2FA82F2F2D30131327586
:104E900005292A4482F8547006F10C06E5D1012157
:104EA00000241F489A0801FA02F212F0670F18BF97
:104EB0001C500433302BF5D1E420FDF74BFB174B8E
:104EC0001849D3F8102503F5C07322F00202C3F885
:104ED000902340F6FF72C3F8A82100221A60A3F5C0
:104EE000807004338B420260F8D101240B4B0E4AD0
:104EF0001C660E4B5D201B68B3FBF2F358430C4B52
:104F0000234398470B482C7005B0F0BD0A48FBE7D7
:104F10000A48F9E7400000207CAA000000200E505B
:104F200000210E50B0210E5040420F00C40100205D
:104F3000A0AA00000000AD0B0C00AD0B0100AD0BF2
:104F400073B52A4C054663680E4603F0010304F16D
:104F5000140101A80193FFF7FBF8254B98423DD1BE
:104F600000233370636823F001036360A36843F098
:104F70000103A3601F4BD3F81025960732D4D3F852
:104F8000102542F00202C3F81025C5B1D3F8482716
:104F900012F0010202BFD3F8481741F00101C3F833
:104FA0004817144BD3F84017D3F844174C00F9D4E2
:104FB0002AB9D3F8482722F00102C3F848270E4B3C
:104FC0000E4A1B68B3FBF2F30A4A03EB43135BB1CF
:104FD000D2F84017D2F84417490001D402B070BD8E
:104FE000013BF4E70648F9E70648F7E740000020F0
:104FF0000000AD0B00200E50C401002040420F0005
:105000000C00AD0B0700AD0B2DE9F0410446007A12
:105010001D46FFF7C5FE1E4B9046984206469DF87A
:10502000187031D12046FFF789FEEFF3118020235D
:1050300083F31288BFF36F8F227A164B92001344CA
:1050400000221A60217AC5F31305090101F1A0417C
:1050500001F56221C1F82085C1F8245580F311883B
:10506000BFF36F8F87B10123227A0B4903FA02F253
:10507000D1E8EF5F1543C1E8E05F0028F8D1227A5C
:105080009340064AC2F824333046BDE8F08100BFA1
:105090000000AD0B00210E50C800002000200E5073
:1050A000F7B5284B284CD3F82C6304F188070EB9C8
:1050B00003B0F0BD96FAA6F00123B0FA80F0834069
:1050C000DA43224926EA0306231893F85450830052
:1050D00019440C2303FB0543DB6873B3D7E8EF3FA8
:1050E00003EA020CC7E8EECFBEF1000FF6D1C340D1
:1050F000DB0719D5020102F1A04202F56222D2F8C3
:105100002435D2F82025D1F800C0BCF1000FCED054
:105110004FF0000CC1F800C00C2101FB05452969C6
:105120000091E9688847C2E705F10C0304EBC30C62
:1051300054F83320DCF80430E5E70A68002AB6D0DA
:105140000B60B4E700200E504000002000210E50FC
:1051500010B5184BD3F80443E1040AD5D3F8302135
:105160003AB10022C3F83021D3F83031124B1B681A
:105170009847A2040BD50F4BD3F834213AB1002045
:10518000C3F83401D3F834310C4B1B6898476304DF
:105190000ED5084BD3F8382152B10022C3F838217C
:1051A000D3F83831054B0120BDE810401B68184783
:1051B00010BD00BF00E010503C0C0020380C002057
:1051C000044B40EA0120C3F80005D3F80024D207BD
:1051D000FBD5704700B00450036803F01F025F2B3B
:1051E00002604FEA53129ABF024B53F8220000208C
:1051F000704700BF44AE000037B51446421C054658
:1052000018D0012902D1BBB104F090F901A8019591
:10521000FFF7E2FF019B0A4A00EB8300D0F88050C1
:10522000A30043EA41030B432A40134343F4A06322
:10523000C0F8803003B030BD04F084F9E6E700BF69
:10524000F0F0FCFF03460E4A10B50E480E4CA34288
:1052500018BF1046B0FBF1F201FB120082420DD9DB
:1052600012F001000AD17E2A07D8A34214BF0223FC
:1052700004239A4234BF0020012010BD0020FCE727
:105280000024F4000020A10700A004502DE9F74FEE
:1052900091F8213005460C4690F804A0002B00F050
:1052A000B0804FF0010891F822902A686848694F51
:1052B00069496369824208BF0F46B7FBF3F7674B42
:1052C000674ED3F840331C2B14D1022F40F29D803F
:1052D000237E13F0FD0F40F098807B080133DBB292
:1052E000994538BF9946242303FB0A639A7F42F00D
:1052F00008029A77242202FB0A6394F82300997F1C
:1053000060F3000199772B79217C02FB03639A7F7C
:1053100061F341029A7794F823B0BBF1000F21D1D9
:10532000237E0121012B94BF002301235A462068CC
:10533000FFF762FF5B465A466068FFF75DFF5B461A
:105340005946A27EA068FFF757FF0121237C5A46E9
:10535000E06883F00103FFF74FFF0B465A46E06910
:10536000FFF74AFF2423B8F1000F55D04FF0FF326A
:1053700003FB0A631A62A07C217E627ED4F80CC013
:1053800094F8108094F824E094F820A02B68BEF1E3
:10539000000F16D1D4E900BECDF804E0D4F808E03F
:1053A000E469C3F800B6DDF804B0C3F804B6C3F886
:1053B00008E6C3F80C46C3F810C6C3F8B885C3F8AE
:1053C000B095003A18BF01220229C3F8C005C3F8FE
:1053D0002C7533D0032934D0012901D142F00202C7
:1053E000C3F854252422C3F8ACA52B795343F358B2
:1053F00053B32868C0F3083003B0BDE8F04FFDF7A1
:10540000A9B898464FF002094FE7242303FB0A632B
:105410009A7F6FF3C3026CE703FB0A6AE2689AF8AB
:105420001E30CAF82020227C4FF0FF3C62F341037B
:105430008AF81E30A07C217E627EA3E742F004023F
:10544000CEE742F00602CBE703B0BDE8F08F00BF25
:1054500000A004500024F4000020A10700C0FF00B9
:10546000400C0020431C07B50ED0019001A8FFF7A7
:10547000B3FE019B00EB8300D0F88020044B134067
:1054800043F00203C0F8803003B05DF804FB00BFB6
:10549000F0F0FCFF2DE9F84F242590F804A0164CFD
:1054A00005FB0AF504EB050B98469BF81C300646F5
:1054B0000F469146DBB9B1B149690068FFF7C2FEFA
:1054C000B8B13946304644F80590CBF80480FFF770
:1054D000DDFE242303FB0A440023637701230748EE
:1054E0002377BDE8F88F6251CBF80480F1E70448D8
:1054F000F7E70448F5E700BF400C00200000AD0BC3
:105500000C00AD0B0400AD0B2DE9F041044606790B
:1055100000681E4DC0F30830FDF72AF824237343BA
:10552000EB5853B123681A4A06EBC601C3F80823A7
:10553000206805EB810104F011F8242101FB0651DC
:105540002368D3F80006D3F80476D3F808868B7F57
:10555000DB0714D4FFF786FF4046FFF783FF38468A
:10556000FFF780FF086AFFF77DFF2368D3F80C067A
:10557000D3F81016FFF776FF0846FFF773FF2423D2
:1055800003FB065500232B77BDE8F081400C00207B
:105590000700F81F24232DE9F04307795E4E7B4373
:1055A0009046F2180D46517F814685B0002940F0A3
:1055B000B080F35823B118F0140F04BF01235377C0
:1055C000242495E80F0004FB076404F10C0C8CE81C
:1055D0000F00206A431C04D0A37F9C071AD503F058
:1055E000A5FF2B68D9F8004023B103F06043B3F165
:1055F000005F06D1AB6883B103F06043B3F1005F95
:105600000BD02423002203FB076344485A7705B0DC
:10561000BDE8F08303F096FFE3E718F0010318BF3D
:105620000123C4F84C3718F0020318BF0123EC46DD
:10563000C4F8143795E80F00C4F83C078CE80F0055
:10564000C4F84017C4F804270022039BC4F80837A5
:10565000C4F80821D4F808310723C4F80035304BCA
:10566000D3F840331C2B11D124237B43F118897FBD
:1056700008070BD58221F358C4F8841C33B1C4F851
:105680000021D4F800310123C4F8043318F00805D0
:1056900005D124237B43F258012323601AB324232A
:1056A0007B43F218F3585BBB1D49D1F840131C290A
:1056B00004D1927F110748BFC4F8843C242303FB24
:1056C0000763186A421C04D09B7F9B0715D503F023
:1056D00039FF35B907EBC707204606EB870103F012
:1056E0003DFF104893E7D4F80831002BFBD0624609
:1056F0000421204603F0DCFED1E703F017FFE8E7C2
:10570000042318F0040F14BFC4F80833C4F804339A
:10571000E7E705487BE700BF400C00200A00AD0B1F
:1057200000C0FF000000AD0B0B00AD0B10B51E4B11
:10573000D3F840331C2B15D11C4B9B7F180711D578
:105740001B4BD3F80423D1070CD5D3F800214AB161
:105750000022C3F80021D3F80011C3F8842C0122E1
:10576000C3F808230421134A114803F0A1FEC8B16D
:105770000E4C206A421C04D0A37F9B070FD503F078
:10578000E1FE637F1BB10949094803F0E7FE0023EE
:1057900023720948D4E90031BDE81040184703F0EE
:1057A000C5FEEEE710BD00BF00C0FF00400C0020AA
:1057B00000A004504C0C0020480C002010B50446FA
:1057C000FBF70AFF03480121034A02F0E6FF2046E7
:1057D00003F004FF28AA0000ECCC00002DE9F843F8
:1057E00004460D4600AFEFF31188202383F312889F
:1057F000BFF36F8F0428294A98BF294BE9468AB026
:105800009668117C98BF53F820306A4688BF254BB4
:10581000C2E9073140F2013323489384234BC2E9A4
:10582000050442F8103F00234FF431512048FBF7A4
:10583000A3FFCD4645B1EB69C3F3080323B10121B2
:105840001C4A1B4802F0A9FF2EB1304603F0FDFEB2
:1058500008B1037803B91848E9468AB06A46174B7D
:10586000D061C2E9053640F201331384144B42F88B
:10587000103F00234FF411510D48FBF77DFF2946DF
:10588000CD462046FFF79AFF88F31188BFF36F8F4C
:105890003046FCF703FEBD46BDE8F883640C0020EB
:1058A00050AE0000FBCC000011CD0000050000014F
:1058B00028AA000039CD000009CD00005ACD000013
:1058C0000400000138B50A4B53F82040013053F86A
:1058D0002050A54200D838BD606830B1037FDB0797
:1058E00001D403F058FE0834F3E723689847FAE739
:1058F00064AE0000012270B5294B032086B01A70F7
:10590000FFF7E0FFFCF76CFA0420FFF7DBFF254C04
:10591000254D2646AE4204F1300410D300F050FC71
:10592000204C224EAC4226D300F05EFCFAF716FF64
:105930001F4A137B23F00103137306B070BD54F8A4
:105940000C3C059354F8103C049354F8143C039316
:1059500054F8183C029354F81C3C019354F8203C32
:10596000009354E90A2354E90C0100F01BFA54F89F
:10597000303C5E65CDE7D4E90A23B3F1FF3F08BFB1
:10598000B2F1FF3F05D052EA0301206803D100F0D5
:1059900015FD3034C6E73146183000F08DFEF8E7CB
:1059A000991400203CA900003CA900004997000080
:1059B00058080020902370B5134E012203FB0066A7
:1059C000002386B0CDE904230F220193CDE90232F2
:1059D00014234FF4A0720D4D0D4903FB00550446EE
:1059E00002FB00110B4B3046009500F0DBF9737B96
:1059F0002C7423F004037373074B013403EBC423AB
:105A0000EE606B6006B070BDC8070020640C00201B
:105A1000A01F0020ED950000A0170020BFB50020BA
:105A2000FFF750FF294B03F5006282F3088883F3E8
:105A30000A880024E023264D264F85F82230EC7793
:105A40002C766C76AC7685F820406B6A43F4E023C4
:105A50006B6285F82340FCF79FFCFCF71FFE4FF0BC
:105A6000FF33AB62EB62FCF7C1FFFCF73FFEFBF7D5
:105A700011FD194800F002FA0120FFF723FF022070
:105A8000164DFFF71FFF00F0E3FB154B15495D6155
:105A9000154B4FF48062059301232846CDE903435B
:105AA000CDE901443B46009400F07CF906466A7B50
:105AB000284622F004026A7303F003FE2046FFF733
:105AC00079FF3A4631462846FCF7C8FDA01700206A
:105AD00000ED00E0F5580000E8080020580800201C
:105AE000640C0020E02000202EC200002DE9F341CC
:105AF000044617461E46EFF31188202383F31288CD
:105B0000BFF36F8FC368334A7BB180689168884266
:105B100019D057EA060318D188F31188BFF36F8FA5
:105B20006FF00F0002B0BDE8F081916891F90E109E
:105B30000133E36093682161A36088F31188BFF3A8
:105B40006F8F0020EEE72169F2E791F90E1090F9CE
:105B50000E306FF07E029942A8BF19469142B8BF3D
:105B600011468B422DDD03F04CFD05462246414691
:105B7000CDE90076184800F069FA0028E1D0EFF38B
:105B80001186202383F31288BFF36F8FA068D0B1F2
:105B9000236821699C420AD04BB193F90E30994297
:105BA000A8BF19466FF07E039942B8BF194603F0AB
:105BB00028FD40B13146084800F0DCFA6FF00A00D9
:105BC000B0E70025D2E7002DF4D186F31188BFF3AA
:105BD0006F8FF3E7640C00209A140020F8B58368F7
:105BE0000546002B40D0234A926893423FD1C368B8
:105BF000012B03D9013BC3600020F8BDEFF31187EF
:105C0000202383F31288BFF36F8F0169806803F04C
:105C1000F8FC2C68AC4207D10023C5E9023387F3B6
:105C20001188BFF36F8FE7E7002CF5D0D4E900327D
:105C3000002613605A60637BC4E9006623F0020308
:105C40006373A66004F1180003F0DEFDAC6094F904
:105C50000E3020462B61C4F8886003F032FD3946CF
:105C6000054800F087FAC7E76FF01500C5E74FF069
:105C7000FF30C2E7640C00209A14002070B5EFF3E7
:105C80001186202383F31288BFF36F8F0468A0422C
:105C90001BD0D4B1D4E90032002513605A60637B75
:105CA000C4E9005523F002036373A56004F11800F2
:105CB00003F0AAFD2046C4F8885003F002FD3146E7
:105CC000BDE87040064800F055BAD0E902329A4269
:105CD00018BF0133836086F31188BFF36F8F70BDE7
:105CE0009A14002013B5EFF31181202484F3128855
:105CF000BFF36F8F846844B1013C846081F31188E5
:105D0000BFF36F8F002002B010BD52EA030406D12A
:105D100081F31188BFF36F8F6FF00F00F3E7CDE9C8
:105D200000230246014800F091F9ECE79A140020A4
:105D30002DE9F0410546EFF31187202383F3128804
:105D4000BFF36F8F00236FF00A081E462C68A54230
:105D500016D0ACB1D4E9003213605A60637BC4E959
:105D6000006623F002036373A66004F1180003F0D9
:105D70004BFD2046C4F8888003F0A3FC0123E5E72F
:105D80000022AA602BB13946BDE8F041044800F07A
:105D9000F1B987F31188BFF36F8FBDE8F08100BFC1
:105DA0009A1400202DE9F043984685B000F158037D
:105DB000C0E91633109B002503730423073222F039
:105DC000070643730F9B01EB06090F468373494691
:105DD000C0E906558560C5730446FCF797F80E9B2D
:105DE000073020F00700A067C4E91C7602930D9BE2
:105DF000A9EB000901930C9B4A46009339464346A0
:105E00002046FCF70FFC064B65659B6884F86C50D8
:105E100003B1DB6F4846E36705B0BDE8F08300BF20
:105E2000640C0020F0B5002587B00595109DDDE9D4
:105E3000127604950F9D044603950E9D02950D9DC7
:105E400001950C9D0095FFF7ADFFB6F1FF3F08BF30
:105E5000B7F1FF3F05D056EA070305D1204600F011
:105E6000ADFA204607B0F0BD3A46334604F11800BB
:105E7000014900F021FCF4E74997000040F20113CA
:105E800083810023C0E91C33C367014B98607047CE
:105E9000640C00206FF00A01094A9368C3F8881067
:105EA0000849C3F884004B6843F080534B600023DB
:105EB00083F31188BFF36F8F9368D3F8880070471E
:105EC000640C002000ED00E070B590F90D20437BDC
:105ED000002A36DBD90634D11B4C63F07F032246FF
:105EE000437352F8183FE169934207D1C0E900219A
:105EF0000860E06111E09942F8D01B68002BF5D0F2
:105F000090F90E5093F90E60B542F4D0AE42F2DD36
:105F10005968C0E9003108605860A569954200D011
:105F200005B9E568A3685A7BD20604D1DA897F2ACD
:105F300001D9AA6932B1AB4202D0284600F036FB43
:105F4000656170BD6361FCE7640C002038B590F9B1
:105F50000D200146002A437B04DA03F07F034373DC
:105F600003F075FB0D4D2A4652F8184FAB6894426A
:105F700000D004B9EC688B4207D05A7BD20604D11A
:105F8000DA897F2A01D9A2692AB1A34202D0204628
:105F900000F00CFB23466B6138BD00BF640C002091
:105FA000B3F1FF3F08BFB2F1FF3F03D00249183001
:105FB00000F082BB704700BF4997000070B590F9B0
:105FC0000D200146002A437B04DA03F07F0343736C
:105FD00003F03DFB1C4C4B7B224663F07F034B736D
:105FE00052F8183FE069934207D1C1E900200160EF
:105FF000E16111E09842F8D01B68002BF5D091F9CF
:106000000E5093F90E60B542F4D0AE42F2DD5868FE
:10601000C1E9003001605960A569A368954200D0CC
:1060200005B9E5688B4207D05A7BD20604D1DA89DC
:106030007F2A01D9AA692AB1AB4202D0284600F0D2
:10604000B5FA2B46636170BD640C0020F8B5DDE93C
:1060500006670D4B0C46986811460C4A1060EFF32A
:106060001182202282F31288BFF36F8F9D68284629
:1060700003F0FFFA284632463B46FFF791FF2046E1
:10608000BDE8F840FFF706BF640C0020840C002038
:10609000F8B50446EFF31187202383F31288BFF38A
:1060A0006F8F437B49B203F01F02002A0CBF012609
:1060B000002639D103F07F032D4D437303F0C7FA57
:1060C0002A46437B817363F07F03437352F8183F82
:1060D000934227D1E869C4E900200460EC610FE035
:1060E0009842F8D01B68002BF5D093F90EC061459B
:1060F000F6D08C45F4DD5968C4E900310C605C6071
:10610000AC69944200D004B9EC68AB689C4202D000
:10611000204600F04BFA6C6187F31188BFF36F8F54
:106120003046F8BDE869DEE79B071ED5856803F0B9
:106130008EFA81732B689D4209D16B68C4E90053C4
:106140001C606C60E8E76A689342F6D01B68002B1D
:10615000F3D093F90E209142F5D08A42F3DD5A68CC
:10616000C4E9003214605C60D6E78173D4E700BFF5
:10617000640C002049B9EFF3058030B9054B5A692A
:106180009B689A4201D0FFF785BE81F31188BFF367
:106190006F8F7047640C0020034648B9EFF3058207
:1061A00032B9064A51699268914201D0FFF772BE36
:1061B00083F31188BFF36F8F704700BF640C00201A
:1061C000EFF31181202383F31288BFF36F8F054B08
:1061D0009A68D37B013BD37381F31188BFF36F8F30
:1061E000704700BF640C002070B5EFF311862023C8
:1061F00083F31288BFF36F8F144DAB68DA7B0132E3
:10620000DA732A4652F8184F944200D004B9EC6869
:106210005A7BD20604D1DA897F2A01D9A2692AB130
:10622000A34202D0204600F0C1F923466B6186F3F9
:106230001188BFF36F8FEFF31180202383F312884F
:10624000BFF36F8FBDE87040FFF7A6BF640C00205E
:10625000024B03F11802C3E906227047640C0020C8
:1062600070B5EFF31186202383F31288BFF36F8F8D
:106270001B4CA168E0690B68814214BF1A460022DA
:1062800049680B605960A368E1692AB9154AC3E9F6
:1062900000210B60E3610CE093F90E0092F90E50BF
:1062A000A84218D0854216DD5168C3E900210B6071
:1062B0005360A5690B4B9D4200D005B9E568A36802
:1062C0009D4202D0284600F071F965613046BDE874
:1062D0007040FFF7DFBD8A42D8D01268D5E700BF13
:1062E000640C00207C0C0020F8B550EA010306463F
:1062F0000C4603D1FFF7B4FF0020F8BDEFF3118780
:10630000202383F31288BFF36F8F124D124BA868BE
:106310001860FFF71BFEA868234632460F49183065
:1063200000F0CAF9AA680446537B384643F00403D8
:106330005373FFF7AFFDAB68D3E90A23B3F1004F06
:1063400008BF002AD8D103F087FA201A20EAE070AB
:10635000D3E700BF640C0020840C002049970000A4
:1063600038B504460D46FFF7BFFFB5F1FF3F08BF44
:10637000B4F1FF3F0246204618D000234FF47A7450
:1063800047F611201946C2FB040147F6122290423B
:1063900071F100020BD3084B834243F608538B4143
:1063A00007D347F612220023FAF768F838BD1846DB
:1063B000FCE76FF00040F9E7ED85FFFF38B50446D4
:1063C000EFF31185202383F31288BFF36F8F437B94
:1063D0005B070FD5183003F017FA637B204623F0D4
:1063E00004036373FFF770FD2946BDE83840044895
:1063F000FFF7C0BE85F31188BFF36F8F38BD00BFB4
:106400009A140020014B9868704700BF640C00206C
:106410002DE9F8430446077BEFF31185202383F32E
:106420001288BFF36F8F437B190705D585F3118859
:10643000BFF36F8FBDE8F883D90943F008025DD13F
:106440004273A36813B1204603F009F904F1180060
:1064500003F0DAF9A66D04F15808B04511D04FF0F9
:10646000000976B1304603F0FAF806F1180003F09F
:10647000CBF93046C6F88890FFF726FDA66DB045EB
:10648000EFD1DFF8C080D8F808309C423ED1EFF35E
:106490000589B9F1000918BF4FF00109D8F8186053
:1064A000294A964200D00EB9D8F80C60B34202D007
:1064B000304600F07BF82046C8F8146002F06FFA0E
:1064C000B9F1000F02D02148FFF7D8FCD8F8083006
:1064D0009C4231D1EFF3058373BB227BD20718D4E2
:1064E0002846FFF7D7FCFB07A4D5002383F31188C8
:1064F000BFF36F8F0423184602DF9BE703F07F038F
:1065000043F00803437303F0A2F89AE74FF0000941
:10651000C4E785F31188BFF36F8F83F31188BFF34E
:106520006F8F0423184602DFEFF31180202383F3DB
:106530001288BFF36F8FD4E785F31188BFF36F8F95
:10654000D1E700BF640C00207C0C0020E80800208C
:106550000122044BC01A044BC0105843034B1A5479
:10656000704700BF78090020ABAAAAAA9A1400209D
:10657000C3897F2B12D80A4B1B6863B1094B90F972
:106580000E201B689A4209DB437BDB0606D1064BD3
:10659000C31A18BF012303F0010070470023FAE774
:1065A000D0010020880C0020C807002070B50E4BD9
:1065B0000E4C1E7C054606EB460304EBC304204646
:1065C00003F022F900220A4B28469A55FFF7D0FF24
:1065D00048B1084B2046BDE870401A680649013AA8
:1065E000D31700F069B870BD640C00207809002052
:1065F0009A140020D00100205165000038B5EFF357
:106600001185202383F31288BFF36F8F104B114A3B
:106610009C681068A04206D1FFF7C8FF85F3118877
:10662000BFF36F8F38BD00211B7C11600A4AD35C19
:10663000002BF3D02046FFF79BFF0028EED0637BB2
:10664000DB0602D12046FFF7B9FC2046E4E700BF95
:10665000640C0020840C00209A140020024B18685F
:10666000984208BF00207047D4010020034B1B68EC
:106670000BB9FDF775BC0020704700BF8C0C0020E3
:1066800030B570B10B4B5B6898420AD0036843B1D8
:10669000D3E90421D0E90445121941EB0501C3E90E
:1066A0000421D0E9003213605A600023C0E90033AE
:1066B00030BD00BFD4010020B3F1FF3F08BFB2F1ED
:1066C000FF3F2DE9F84F0446994615461F467AD0FC
:1066D0008160EFF31188202383F31288BFF36F8F5B
:1066E000B9F1000FDFF8E4A020DBFFF7BFFFDAE924
:1066F0000027013549F100092D1849EBE0730646E2
:106700004FF00109C4E90453AD1843EB0707FFF745
:10671000A5FF0346DFF8B8E0DEF804A0EBB9C4E952
:1067200000EACAF80040CEF8044028E06FF0010308
:10673000DAE900125B1A4FF0FF3161EB02025B1BDA
:1067400062EB0902012B72F10001BCBF01230022A0
:106750004FF00009C0E90432D9E7D3E9041CD4E9B9
:1067600004208A4270EB0C0B24DA891A5A686CEB0D
:106770000000C3E90410C4E9003214605C60FFF754
:106780006DFF84420ED1134B1B685BB9B9F1000F4A
:1067900002D1FFF76BFF0646304603F01EF80021DA
:1067A000FDF7EEFB88F31188BFF36F8F284639465B
:1067B000BDE8F88F521A60EB0C009A45C4E904203A
:1067C000ADD01B68AAE700252F46EFE7900900200F
:1067D000D40100208C0C00202DE9F047EFF3118547
:1067E000202383F31288BFF36F8FDFF8A090002679
:1067F000C9F800000027FFF731FFDFF89480D9F8CF
:106800000030D8E900ECD91750B1D0E90442A342D6
:1068100071EB020A1BDAE41A62EB0102C0E90442DE
:10682000002413EB0E034CEB01012046C8E90031B4
:10683000C9F8004002F0D1FF2146FDF7A1FB85F326
:106840001188BFF36F8FBDE8F047FFF7D7BE14EB99
:106850000E024CEBE473C0E90467C8E90023FFF7BC
:106860000FFF85F31188BFF36F8F83689847EFF3AD
:106870001185202383F31288BFF36F8FD9F800307E
:106880001B1BC9F80030FFF7E9FEB8E78C0C0020AD
:106890009009002010B5EFF31184202383F31288B0
:1068A000BFF36F8FFFF7E2FE0346054AD2E900010E
:1068B000181841EBE37184F31188BFF36F8F10BD9B
:1068C00090090020F8B50546EFF31187202383F3E4
:1068D0001288BFF36F8F036823B187F31188BFF36A
:1068E0006F8FF8BDD0E90A46611C46F1000202290B
:1068F00072F1000236D3012C76F10002BCBF0124F4
:106900001E46013C46F1FF3602F0AAFF013041F17C
:106910000001001946EB0101012871F1000130DB93
:1069200002F09EFF6FF00203013041F100010019F7
:1069300046EB010183426FF000438B4126DB02F0FE
:106940008FFF013041F100016FF00102001946EBA9
:1069500001034FF0FF31121A61EB030328461C4973
:10696000FFF7AAFE2B6B01332B632B6A93B93C46CE
:106970002B4653F8185F9D4200D0D5B984F3118897
:10698000ADE76FF001024FF0FF33E7E700224FF071
:106990000043E3E787F31188BFF36F8F28462B6A24
:1069A0009847EFF31184202383F31288BFF36F8F8E
:1069B000DEE7284602F094FE0023C5F8883084F311
:1069C0001188BFF36F8F2846BDE8F84002F079BE0A
:1069D000C56800002DE9F04105461C4690461F465B
:1069E000EFF31186202383F31288BFF36F8FB4F186
:1069F000FF3F08BFB2F1FF3F05D186F31188BFF317
:106A00006F8FBDE8F081002C09DB012A74F10003CF
:106A1000BCBF0122002412F1FF3844F1FF372846A1
:106A200002F0F2FEDDE906010023C5E90A012B634D
:106A300042463B4628460249FFF73EFEDDE700BFDF
:106A4000C5680000F8B50D4E0D4C0E4D33680E486C
:106A5000984767782B680C48984733680B489847E5
:106A6000022F08D12478E31F5C425C412B68074861
:106A700098472046F8BD0024F8E700BF0002002038
:106A8000900C0020FC010020A802002094020020AD
:106A900070B51D4E1D4C33681D4898472378590723
:106AA00044BF23F00403237023789A0705D500F030
:106AB000C1F8237823F002032370164D14482B6885
:106AC0009847336814489847637813B1134802F025
:106AD0001EFF002304211148637000F0CBF82B68DF
:106AE0000D48984733680A4898472378DB0705D54F
:106AF00002F00AFF237823F0010323702B68044877
:106B0000BDE87040184700BF00020020900C002034
:106B100094020020FC010020A8020020940C002018
:106B20002DE9F041FFF78EFF18B100242046BDE8A3
:106B3000F081364F36483B689847044620B16FF0E5
:106B40008F04FFF7A5FFF1E7324D2B78D80706D465
:106B500002F0D8FE04462B7843F001032B702E4E32
:106B60002B483368984710B1002CE8D0E9E7002C97
:106B7000E7D13B682648984704460028DFD12B78A8
:106B8000990706D400F04EF804462B7843F0020330
:106B90002B7033681E4898470028E5D1002CD0D1CF
:106BA0003B681B4898470028C9D13368184895F8B6
:106BB000008098470028C2D13B681848984704468F
:106BC0000028BCD16B7843B918F0010F05D01448E8
:106BD00002F09BFE022304466B7033680F4898470F
:106BE0000028C1D1002CACD13B6809489847002847
:106BF000A5D12B7806485A075CBF43F004032B70DD
:106C000033689847002890D099E700BF0002002021
:106C100094020020900C0020FC010020A80200201B
:106C2000940C00200122024B002083F8802570473D
:106C3000980C00202DE9F0410A4C002526464FF023
:106C4000010803272046C4F820802777013502F089
:106C50003CFE202D04F12C04F4D1002386F880356D
:106C6000BDE8F081980C0020014B1B68184700BF5D
:106C7000DC01002010B50A46044619B1024B002180
:106C80001B68984710BD00BFE001002010B50C4CF8
:106C9000206802F0DDFF0B4A1368591C11604BB9E4
:106CA000094A4820D2F8003443F00703C2F8003400
:106CB000FBF750FC2068BDE8104002F0CFBF00BFDA
:106CC000E80100201C1200200080045038B5164D49
:106CD000286802F0BDFF154B1C68013C1C60ECB934
:106CE0004820FBF745FC0722114BC3F80823D3F8D3
:106CF000002422F00702C3F80024C3F80041D3F8AF
:106D00000021C3F80441D3F804214FF48072C3F882
:106D10000841D3F80831074BC3F888212868BDE83B
:106D2000384002F09BBF00BFE80100201C12002089
:106D30000080045000E100E070B5114D114E2B6849
:106D4000B3421BD0FFF7A2FF00F0E0FC0E4A0F4B4E
:106D50000F4952F8040B43F8040B8B42F9D100F0B1
:106D600013FD40B102F0E0FD0446FFF7AFFF04B9A8
:106D70002E60204670BD00F0D1FAF5E70024F8E758
:106D8000E4010020117365007CAE000000C080515A
:106D90001CD380514FF480732DE9F04796B08046A4
:106DA00003A80393002402F04BFE4FF010091E4E7F
:106DB0000DF12F0525F01F0506F1200A01221021F3
:106DC0001A4802F01CFE2B19009352461023202172
:106DD0001548CDF8049000F0DFFA0746F8B9D6E977
:106DE0000C321034013342F10002302CC6E90C326F
:106DF000E4D1B8F1000F04D022464146284602F003
:106E0000F1FD2E46084C0FCE0FC496E80F0020353A
:106E100084E80F0095E80F00103484E80F0038462E
:106E200016B0BDE8F08700BF98090020B80900201F
:106E3000F0B5194D194FAB6B8DB0BB4229D0184E30
:106E4000306802F005FF402300221946284602F070
:106E5000E0FD3021684602F000FE044678B968463D
:106E6000FFF798FF044690B930230246194668465A
:106E700002F0CFFD01220023C5E90C23AF63306887
:106E800002F0ECFE204602F04FFD0DB0F0BD0E24E6
:106E9000F5E70020F9E700BF98090020B4A5B4A5E4
:106EA000EC0100202DE9F04F99B00DF1570802F1E7
:106EB0000F0982460E46144628F01F084FEA19199A
:106EC00022B100296DD0B2F5803F6AD8364F374DD8
:106ED000386802F0BDFED5E90C3213430BD15046A1
:106EE000FFF7A6FF834630B1386802F0B7FE584678
:106EF00019B0BDE8F08FD5E90C2319EB020243F17C
:106F00000003B3F5803F14D3302102A802F0A5FDA1
:106F1000E8B902A8FFF73EFF83460028E4D13023FA
:106F20000246194602A802F074FD00220023C5E9BA
:106F30000C234FF4807302A8029302F081FDDFF866
:106F400070A03CB92046FFF725FF8346CCE76FF0E1
:106F5000920BC9E7102C4FF001024FF01001504680
:106F6000A14628BF4FF0100902F049FD10235246F8
:106F70002021CDE900830D4800F00EFA8346002859
:106F8000B2D14A463046414602F0EEFED5E90C3217
:106F9000013342F10002C5E90C32A4EB09044E446E
:106FA000CFE76FF0860BA2E7EC01002098090020E4
:106FB000B80900200022074BC3F81021C3F80C21A8
:106FC000C3F80021C3F80421C3F80821C3F8142131
:106FD000704700BF0050045008B5FFF7EBFF0123D6
:106FE0000360104B0A6832B9D3F80C211AB9D3F8F0
:106FF0000821002AF6D00B687BB90B4B99420ED0C2
:10700000A3F58473D3F80831002B0CBF4FF0FF3089
:107010006FF00200FFF7CEFF08BD0020FAE74FF047
:10702000FF30F7E7005004500851045038B50546CA
:107030000C4691B10021012002F022FA08480949CA
:10704000C0F80055C0F80445FFF7C6FF002104460C
:10705000084602F015FA204638BD6FF00104FAE741
:10706000005004500051045010B504460021012086
:1070700002F006FA064B0749C3F800450648FFF739
:10708000ABFF00210446084602F0FAF9204610BD85
:1070900000500450085104500850045038B50C46B4
:1070A00059B1074D0749C5F800050748FFF794FF98
:1070B00010B9D5F80835236038BD6FF00100FBE743
:1070C00000500450105104500C5004502DE9F04F62
:1070D00089B006460F4690461D4602F012FD044652
:1070E00078B973690090C3F3013262F305148DF827
:1070F000004014F0300408D1B168890710D06FF057
:107100008604204609B0BDE8F08F102C08D1BDF8E8
:10711000023023F4F87343F4A873ADF802304EE064
:10712000DBB2F82B02D06FF08504EAE700234FF0C2
:10713000010B9E4619461846D6F808C0DFF8CC91D8
:1071400059F804AB1CEA0A0F08D00BFA00F343EA23
:107150000E0303F07F0E012341EA0A0101300728E4
:10716000EED12BB19DF803306EF347038DF8033059
:107170003CEA0101D7D17388FF2B35D005D8802B8D
:1071800034D0C02BCFD1022303E0B3F5807FCAD126
:1071900004239DF8021063F306118DF8021014B950
:1071A0001CF0030FABD13379022B2BD020D8012B4D
:1071B000A5D1BDF8021063F3C811ADF80210012A81
:1071C0006FD0032A23D0002A99D13388B3F5105FFA
:1071D000A9D1182D6DD0202D70D0102D8FD1DFF8B2
:1071E00030A101251F261AE00323D2E70123D0E7AF
:1071F000032B01D0FF2B82D10221BDF8023061F3B5
:10720000C8138AE7BDF8023043F4C07385E7412D07
:107210003DD104254F26DFF8FCA008F10108002429
:10722000381902F042FC00286CD00134AC42F7D18E
:107230001F2E07D02946384602F04BFC0446002892
:107240007FF45FAF009B4FF0FF39079300239B460D
:10725000CDF818A0BDF802204344C2F3C112059234
:1072600001AC03F1100C224618685968083303C2B8
:1072700063451446F7D101A907EB0B00FFF7D6FED3
:10728000044630B302F03DFC6FF0920439E7182D4C
:1072900019D0202D1AD0102D7FF431AFDFF874A053
:1072A0009FE7302D7FF42BAF03253F26DFF868A042
:1072B000B5E7DFF85CA002252726B0E7DFF850A08D
:1072C00002252F26ABE7DFF84CA0F4E7DFF844A057
:1072D000F6E71C2101A80BF1010B02F0A5FBAB4561
:1072E00006D00AEB0B12CDE906294FEA0B13B1E7E2
:1072F0001F2E3FF406AFBA20FFF7B6FE00283FF47A
:1073000000AFC1E76FF08A04FBE600BF98C1000040
:1073100040008151000000201084045010B590B04E
:107320001C22002101A802F02CFDF82002F0BDFB78
:1073300008B3202200200DEB0201FFF7B3FD044645
:10734000F8B901A84FF4807102F0B9FB0E4B0F4958
:1073500004930F4BCDE901130E4BF8210693202324
:107360000DEB0302FFF7B2FE202104460DEB0100F6
:1073700002F05AFB05E0F92002F097FB0028D8D173
:107380000446204610B010BD0010C00400240001C7
:10739000014B4E80F800FF7F2DE9F3411D464FF46D
:1073A0008073284C8046002017460E46019300F05B
:1073B00037F901AB23601123234A0121C4E90223D9
:1073C00004F11003636040F61103E36104F120034C
:1073D00063612123089AE3621C4B46F000561A6051
:1073E000099A45F0005542F00052C3E901122022EB
:1073F000C4F81080A6612762A5626162DA60BFF3FB
:107400005F8F4FF0A3421460BFF35F8FBFF35F8FB6
:107410001361BFF35F8FBFF35F8F03235363BFF32A
:107420005F8FBFF35F8F9363BFF35F8F02F0ADFB9E
:10743000431C0446FAD0002000F01CF9204602B09C
:10744000BDE8F0813012002004000020201200204E
:10745000BFF35F8F094A1368BFF35F8F43F48071F6
:10746000BFF35F8F1160BFF35F8F23F48073BFF3AF
:107470005F8F1360BFF35F8F704700BF00108051B4
:1074800008B5FFF7E5FFBFF35F8F064A1368BFF348
:107490005F8F43F00103BFF35F8F1360BFF35F8F14
:1074A00008BD00BF0010805170B50026C0E900661D
:1074B00005460C46FFF7EAFB01232B70FFF7C8FFD8
:1074C000BFF35F8F204BDB68BFF35F8F9B08013BEF
:1074D000ACB3226842B19A4205D9FFF7F7FB6FF0CF
:1074E0003F002E7070BD1346D4E90115E0680029F5
:1074F00008BF4FF40071002808BFF1202469BFF3D2
:107500005F8F114A9360BFF35F8FBFF35F8F156486
:10751000BFF35F8FBFF35F8F5064BFF35F8FBFF325
:107520005F8F5163BFF35F8F44F4802444F0010404
:10753000BFF35F8F1460BFF35F8F0020D2E74FF47B
:107540000071F1202546DAE70010805170B503780C
:107550000D461446002B53D0BFF35F8F2D4A136B9B
:10756000BFF35F8F5908C3F34203052B4BD011F0D3
:10757000060F02D14FF0FF3070BD4368D3B9BFF39F
:107580005F8F5368BFF35F8F032BF3D9224B2349DF
:10759000BFF35F8FD2F88060BFF35F8FBFF35F8F61
:1075A00043F8046BBFF35F8F8B42F1D1FFF768FFA5
:1075B00001234360BFF35F8F164B9A68BFF35F8F61
:1075C0000132B4EB021F21D8BFF35F8F5A68BFF3BB
:1075D0005F8FB4EB820FCDD884B1BFF35F8FD3F848
:1075E0008020BFF35F8F291D05F8012B8D424FEAE4
:1075F000122204F1FF34EFD0002CF5D10020BBE7BC
:107600006FF02000B8E76FF05100B5E76FF03F0072
:10761000B2E700BF0010805110108051201080513F
:1076200010B50446FFF732FB104B186802F010FB50
:107630000CB101232370BFF35F8F4FF0A3430022EF
:10764000DA61BFF35F8FBFF35F8F4FF0FF321A63D2
:10765000BFF35F8FBFF35F8F3422DA61BFF35F8FB9
:107660000122034BC3F8042310BD00BFF00100202A
:107670000080045010B5044638B9FFF727FBBDE879
:107680001040074B186802F0E9BA03783BB1FFF7E6
:107690001DFB034B186802F0E1FA0023237010BDB4
:1076A000F001002038B5164CD4F80051C5B1BFF335
:1076B0005F8F4FF0A343996ABFF35F8FBFF35F8F74
:1076C0004FF0FF321A63BFF35F8F0023C4F800311D
:1076D000D4F800310B4B1868BDE8384002F0D1BA3D
:1076E000D4F8083153B100F06DF802F07FFAC4F815
:1076F0000851D4F808310121034BECE738BD00BF35
:1077000000800450F8010020F401002008B5074B68
:10771000186802F0A5FA064B186802F0A1FABDE855
:107720000840002248201146FAF744BFF801002023
:10773000F401002038B5094B1C7864B1084B4FF0B8
:10774000FF311D68284602F08DFA4FF0FF310446E4
:10775000284602F094FA204638BD00BF9914002054
:10776000F801002010B5064C236D3BB9214651F8B5
:10777000503B986902F03EFA01232365014810BD91
:1077800060120020B012002038B500240B4D0C4BC5
:10779000EC662B6003F5C0436B60FFF7E3FF50B16D
:1077A0006B6D2046B3F5007FCCBF4FF480634FF480
:1077B0000073AB6038BD0E20FCE700BF60120020F4
:1077C0000020805100487047601200202DE9F043EE
:1077D0004FF0000985B00546CDF8049000F10C0784
:1077E000EFF31188202383F31288BFF36F8F836830
:1077F000594003EA02060A4053400E4901AACDE966
:10780000023901F0C8FF019C3CB12046C4F88890C1
:107810000021246E01F075FFF6E7DDE9023223EA6C
:10782000020338464146AB60FEF7A4FC304605B083
:10783000BDE8F0830D9D00000CB430B589B005465D
:107840000C461C22002101A802F09BFA0223059598
:107850008DF806300D4B029323462CB1B4F1004F46
:1078600028BF4FF00043013B1D440DAA0C9901A80D
:107870000695009200F00CF814B1059B00221A70D6
:1078800009B0BDE8304002B0704700BF579E00000D
:107890002DE9F04F43688DB01546804602938378FA
:1078A0009A0740F10D8100240E78002E00F00A8125
:1078B000252E0BD04B1C0393013441463046029BCE
:1078C00098470028C0F2F6800399EDE74E788B1CAC
:1078D000252E0393F0D00027B946BB46BBF11F0FFE
:1078E00038D8A6F12003102B0AD8DFE803F02A09C4
:1078F00009300909092109090928092D09091F0069
:10790000A6F13003092B33D92A2E37D11BF0400FB3
:1079100055F8043B40F08280002BA7BF4BF0200BB2
:107920009946C3F100094BF0280B01E04BF0010B25
:10793000039B13F8016B0393002ECFD130E04BF083
:10794000020B4BF0040BF3E74BF0080BF0E74BF0A6
:10795000100BEDE7BBF17F0F19D8A6F13003092B0F
:10796000D2D81BF0400F03D00A2101FB0737DFE715
:107970000A214BF0200B01FB0939D9E72E2E06D145
:107980001BF0400F40F09E804BF0400BD0E76C2E78
:1079900031D02BD8682E36D06A2E3CD04C2E3AD01F
:1079A000002F46F02003B8BF2BF04002A3F1650181
:1079B000BCBF00271FFA82FB022901D9612B2FD1FE
:1079C00007350727DFF8ACA225F0070508351BF0BF
:1079D000080F66D00AEB070B56465E4563D1A4EB51
:1079E0000A0AA9EB070906EB0A026FE1742E9FD081
:1079F0007A2E9DD0D4E71BF0800F18BF4BF4007B8C
:107A00004BF0800B94E71BF4807F18BF4BF4007B96
:107A10004BF4807B8CE74BF4207B89E71F4687E79C
:107A2000A6F16301122900F2F080DFE811F01300E3
:107A30004F00EE00EE00EE00EE004F00EE00EE0014
:107A4000EE00EE00EE00FE00E900EE00EE001B008E
:107A5000EE00AF0055F8043B01270DF1180A8DF830
:107A60001830B4E755F804AB834BBAF1000F08BFE8
:107A70009A461BF0400F504614BF39464FF0FF3175
:107A800002F087F90746A2E741462020029B98476B
:107A900000280FDB013EB742F6D34C44B146A41B8D
:107AA00098E74E46F7E7414616F8010B029B9847C8
:107AB000002892DA98F8023043F0040388F8023084
:107AC0004FF0FF3420460DB0BDE8F08F1BF0800F63
:107AD00034D01BF4007F2CD0073525F00705AA46CB
:107AE00069685AF8080B2BF010050029ADB237DA97
:107AF000404245F4806561EB41010DF1180B0A230A
:107B00005A4602F052F9A0EB0B0301936B0662D5C3
:107B1000019B25F001019F4289B240F3A180002E14
:107B200000F0998015F0100240F09C80BB460D4695
:107B300023E0AA465AF8040BC117D4E7AA461BF45F
:107B4000807F5AF8041B01D10846F5E71BF4007F3B
:107B500019BF48B241F3C01108B241F3C031C2E7C6
:107B600050EA0103C9D11BF0400FC6D0002FC4D189
:107B70002BF01102BB46019795B240F2064115EA7F
:107B800001021CBF0BF1010B00222CE02BF01002B4
:107B90000A231FFA82FB1BF0800C49D01BF40071F2
:107BA00015BF0735AA4625F007055AF8040B1EBF76
:107BB000AA4669685AF8080B50EA010545D12BF02E
:107BC00016051BF0400FADB242D0002F40D12BF074
:107BD0001702019795B215F0100248D0019B002EB4
:107BE00042D103F1010B29075AD4EB0706D5D94539
:107BF0006FDDA9EB0B030199CB465F185B4649E0AB
:107C00004BF0100B10237826C5E7782B04D1C6F172
:107C1000780343F01003BEE741462520029B9847B6
:107C20000028FFF647AF023447E608230026B2E7F4
:107C3000AA461BF480715AF8040BBDD01BF40071E6
:107C40001ABFC0B2614680B2B6E72BF0060295B209
:107C50000DF1180B54E725F01105BB46ADB28CE7CA
:107C60000D46B8E73B460D4603F1020BBBE7DDF8D6
:107C700004B082E7CDCD0000C6CD0000CDE90432CE
:107C800041462020029B98470028FFF613AF049B33
:107C9000059A01339945F1DCA4EB0B019B46CC1806
:107CA0000AB341463020029B98470028FFF602AFF6
:107CB0008EB901342744391B019B994224DC1D46AF
:107CC00055BB019AA9EB0B09554622441446914431
:107CD00033E0019F92E7023441463046029B9847C9
:107CE0000028E7DAE6E640F206410D42E2D015F060
:107CF000020F04F10104414614BF2B20202015F48B
:107D0000806F18BF2D20E9E741463020029B0134E7
:107D100098470028CFDACDE606AB013D4146585DD5
:107D2000029B98470028CBDAC4E641462020029BFC
:107D3000013498470028FFF6BDAEA9EB0403002BE1
:107D4000F3DCC1E57047836800EBC101B3F5004F78
:107D50002CBF51F8220031F81200704700EBC1012E
:107D60008068B0F5004F2CBF41F8223021F8123066
:107D70007047012208B5FFF7E6FFD04008BD8368D1
:107D800000EBC101B3F5004F08D34B681AB143F0C3
:107D900001034B60704723F00103FAE74B881AB1E7
:107DA00043F001034B80704723F00103FAE75300CF
:107DB0000122FFF7D3BF8368481CB3F5004F34BFDF
:107DC000042308230833A0EBD300B0FA80F0C0F1FD
:107DD0001F0070472DE9F0410D4686680446FFF705
:107DE000C8FFB6F5004F014601D3012832D0204626
:107DF000FFF7E1FF04EB80010E6996B90122E36809
:107E000082401343E36002220D612B46294620463F
:107E1000FFF7A4FF032229462046BDE8F041FFF703
:107E20009DBF022231462046FFF78DFF07460346DD
:107E300029462046FFF792FF032233462946204673
:107E4000FFF78CFF39462B462046FFF787FF0222BB
:107E50003146E1E7BDE8F081B2F5802F2CBF082361
:107E600004232DE9F0410026D21A8C18CD1D25F0EF
:107E7000070524F00704641BE40805602146284632
:107E8000AC60EE60FFF797FF421D9200013002F1F7
:107E900007074FEAD7073146A2F1100205F110009B
:107EA000B8BF324601F06DFF3A4631462846FFF72B
:107EB0007EFF3346324631462846FFF74FFFA4EB9C
:107EC0000708284631460122FFF759FF4246394646
:107ED000FFF76DFF3B46324639462846FFF73EFF27
:107EE00021462846FFF763FF43463246214628468F
:107EF000FFF734FF214628460122FFF740FF3946AD
:107F0000BDE8F041FFF766BF2DE9F04706460D4694
:107F1000174698462BB34FF0000A98F8004093F8A4
:107F20000190DB78A40004EB430498F802301C4471
:107F30004444CA4509D339463046AC46D8F80420F3
:107F400008F10803BDE8F047604714F8013B0AF167
:107F5000010A204648F82340F8F7AAFA0130044401
:107F6000E7E76FF01500BDE8F08770B50025024621
:107F70002846144614F8013B0BB9184609E098B19D
:107F80008D4207D1702B04D0A3F140023A2A0BD8BE
:107F9000002070BDA3F140063A2E05D85378013574
:107FA000941C002BE9D00020252B224608BF80F02E
:107FB0000100DEE7002070470FB407B504A951F8AF
:107FC000040B019100F066FB03B05DF804EB04B014
:107FD000704710B50369024613F0080009D1136811
:107FE000D4689C429BBF0120126AE31AD31A0B602B
:107FF00010BD00231846FAE713B501A90446FFF7A0
:10800000E8FF20B1019BE268013B13440193206A21
:10801000019BC01A013802B010BD10B504465018BB
:108020002269236AD20702D5013B184010BD98424D
:1080300028BFC01AFAE710B504460A46C168FFF720
:10804000ECFF2369E06023F00803236110BD38B51D
:108050000D46C2698B00016843F00203044642F8F2
:10806000213001682A46FFF7D8FFE368616898422B
:1080700008BF2369206008BF43F008032A46204652
:1080800008BF2361FFF7C9FF606038BD2DE9F74FD6
:10809000C768C6699B4606EB8703009316F827302E
:1080A000044603F00303022B884691464FF0000379
:1080B0000BD01360CBF8003023699B0713D44FF02B
:1080C000000A504603B0BDE8F08F56F82710136041
:1080D0008908CBF80030EFD0FFF7ADFFE368A3606D
:1080E0004FF0010AEDE7A36906EB8700984716F801
:1080F0002720054612F0010AE1D012F002021FD03B
:10810000B8F1000F03D041462046FFF7A0FF616899
:108110002A462046FFF781FFD4E9022191426060A0
:1081200006D12A462046FFF778FF4FF0000AA060EC
:10813000A2682260E260226942F008022261C0E780
:10814000014620460192FFF776FFE368A360B8F18D
:10815000000F04D02168E369019A43F8212005EB60
:108160000802CBF8002021682046FFF756FF23695C
:10817000206043F00803236116F827306FF30003F3
:1081800006F82730009BC9F80030A9E770B504460F
:108190001546FFF742FF2368834205D1236921601A
:1081A00023F00803236170BDE269AB0043F00203D2
:1081B00042F8213061682A462046FFF72EFF6060B2
:1081C000F1E738B5036904465B0706D5456AFFF752
:1081D00013FF85422CBF6562606238BD38B50D461D
:1081E00004461C22002101F0CCFD0022EB68A361B3
:1081F000AB6863612B68E3616B68626223622A6922
:1082000023B1591E194208BF42F001022261012226
:1082100004F128000021BDE8384001F001BA2DE941
:10822000F04F002587B00093036A04468B420E4648
:108230009246A9460395059539D3EFF3118B202378
:1082400083F31288BFF36F8F059AD8462AB1294667
:108250002046FFF79BFF0023059304A92046FFF764
:10826000B8FE04990746B1422AD32268E369204642
:1082700013F8221003EB820921F0030103F8221006
:1082800021683246FFF7C9FEE3682060984212D0A9
:10829000002788F31188BFF36F8F039929B16269B2
:1082A0000AB12046904700230393002FC5D14846CA
:1082B00007B0BDE8F08F236943F008032361E7E7C7
:1082C00018B12046FFF7C3FEE3E7009B5AEA03021A
:1082D0001CD0019101F0B0F90199B8B9BBF1000FC0
:1082E00014D187F31188BFF36F8F5246009B04F1BE
:1082F0002800FDF7F7FCEFF31188202383F31288A1
:10830000BFF36F8FB0FA80F77F09C2E7204605AB55
:1083100003AA2568FFF7BAFE0746BAE770B5044618
:10832000836908460D4698470246EFF311862023DD
:1083300083F31288BFF36F8F2B78204643F001033D
:108340002B706168FFF769FE60602046FFF739FF18
:1083500086F31188BFF36F8F70BD2DE9F04104469D
:108360002027EFF3118687F31288BFF36F8F2369FD
:1083700013F0080FA36802D16268934200D9226A01
:10838000D21AE16932B986F31188BFF36F8F4FF0CB
:10839000000833E011F8232001EB830812F00300FA
:1083A000F1D0022803D151F82350AD0805D1D007F0
:1083B00012D44046A36998470546A1682A4620463C
:1083C000FFF72BFE2946A0602046FFF734FE86F318
:1083D0001188BFF36F8FC4E742F0020201F8232037
:1083E000A3694046A5689847294602462046FFF7FC
:1083F00014FEA06086F31188BFF36F8F4046BDE87E
:10840000F081F8B50446836908460D46984706464C
:10841000EFF31187202383F31288BFF36F8F2B783C
:108420006FF300032B7023699B0705D5E268E369AE
:1084300003EB82039D421AD12B786FF341032B701B
:10844000D4E90231994204D132462046FFF7E5FDD6
:10845000A06031462046FFF7EEFD87F31188BFF399
:108460006F8F04F12800BDE8F840FDF707BC2B68CA
:1084700060F39F032B60F0E7EFF31181202383F378
:108480001288BFF36F8F036913F0080F836802D15E
:108490004268934200D9026AD31A81F31188BFF36C
:1084A0006F8F181E18BF01207047038B13F007034E
:1084B00005D10368002B0CBF002003207047022B5E
:1084C00005D1408BB0FA80F0400980007047012B45
:1084D00005D10368002B0CBF002005207047002049
:1084E000704710B50C4600B111B96FF0150010BD02
:1084F000081D00F093F80028F9D1A368032BF6D9E2
:10850000F3E72DE9F0410D4607461946281D904630
:108510001E4600F094F8044638B1334642462946D8
:108520003846A446BDE8F0416047BDE8F08110B48C
:10853000EFF31182202484F31288BFF36F8F41611F
:1085400010BC0121F8F770BD38B50C46054658B18E
:1085500051B10B6843B14B6833B11C22002101F0CB
:1085600010FC00202C6138BD6FF01500FBE770B5E2
:1085700005460E46FFF7B5FF041E14DBEFF311822C
:10858000202383F31288BFF36F8F4FF6FF716B8B3D
:108590002C8B8B4204F0070407D182F31188BFF3C0
:1085A0006F8F6FF00A04204670BD022C0CD101338E
:1085B0006B8382F31188BFF36F8F0023224631460D
:1085C0002846FFF79EFFEEE7062C14D8DFE804F0FC
:1085D00004131313041A0400002333606B683BB9BF
:1085E000C5E90066ACB902212846F8F71DFDDAE7B7
:1085F0001E606E60F6E782F31188BFF36F8F6FF035
:108600000404D0E782F31188BFF36F8F6FF0850405
:10861000C9E782F31188BFF36F8FC4E7034658B1EF
:10862000426802F00302012A03D0032A04D102683F
:1086300012B10020986070476FF0150070474268D3
:10864000034602F00302032A4FF00002816014BFC8
:10865000104600685A607047704703785B075FBF39
:1086600003684288C3F34A2303EB12105DBF17303F
:1086700020F007008008002070470020704700F0BD
:10868000FABD0346D3E8EF0F421CC3E8E12F0029EF
:10869000F8D170471FB50023CDE902011A461946EB
:1086A0001846CDE90033F9F7EBF805B05DF804FBA7
:1086B0000120F8F79DBE002070474368DA7101225F
:1086C0004368196043685A71F8F784BE70B515465F
:1086D0000C4669B1D2E901369B1B99420AD813684E
:1086E0000A460146981901F03FFBAB682344AB6092
:1086F000204670BD6FF01B00FBE770B50E461546B7
:108700001946044618B9BDE87040F8F771BE33B198
:10871000C2F34A231030120D184401F025FBC4E9BE
:1087200000562046BDE87040F9F706B82DE9F34140
:108730005F1C4FEA8708064608F1170020F0070083
:1087400080080C461546F8F7CFFE00238DF804701C
:10875000ADF805308DF8073068B10346019AA8F1ED
:10876000040143F8102F2A46294452F8045B8A4238
:1087700043F8045FF9D100233146A20102F4E0720C
:1087800042EA482222F07F4222F4700222F03F02A5
:1087900002B0BDE8F041FFF7B0BF07B50123019279
:1087A00001AAFFF7C3FF03B05DF804FB07B5CDE9ED
:1087B000002302236A46FFF7B9FF03B05DF804FB0C
:1087C000F8B506460D4614461F4604B9F8BD2146C5
:1087D00028463A46B047241A0544F6E710B54268E1
:1087E0000446D2E9002381680068FFF7E9FF002210
:1087F00063681A6010BD38B54B6805461A68CB68C7
:108800000C469A4202D10846FFF7E8FF6368D3E8B6
:10881000EF2F511CC3E8E01F0028F8D1A368002007
:108820009D5438BD0A2838B504460D4602D10D20A6
:10883000FFF7E1FF29462046FFF7DDFF002038BDA6
:108840002DE9F043054687B008460E8891F8009060
:108850000C46D1F808801746F9F762F8011EC6F3F6
:108860008216C9F3C2091EDB4846F8F777FF0346B4
:10887000214651F8102B6088C2F34A22002A01EBEE
:10888000020408BF00210022C0F30B10CDE9040749
:10889000CDE902142846414601960092F9F76CF89A
:1088A00007B0BDE8F0830023E2E7436800201B68BF
:1088B0005B681961704743681B681A6852685360A7
:1088C000704743681B681868F9F7C0B970B543680A
:1088D0000C461D686B681869F8F766FD214603466B
:1088E0000F222868BDE870401847036A1BB11B7946
:1088F00000200B7070476FF057007047036A3BB160
:10890000DB682BB11B6A1879B0FA80F04009704718
:108910000120704770B5056A04460E460DB1032369
:108920002B712046FFF7EAFF98B103212046B0479C
:10893000002802DA10F1860F0BD1012125B920465B
:108940003346BDE87040184720462971B0470023E0
:108950002B7170BD036A1B7903F0FD03012B14BF5B
:108960006FF00F000020704701F00BBA01F0FCB966
:1089700001460068F9F76ABA08B5F9F7C3FABDE825
:108980000840F9F7E3BA0A460121FFF706BF0021C4
:108990000120F9F75BBA036F83F30B8870476FF020
:1089A0008500704761B662B680F31188BFF36F8FA0
:1089B000704772B6002383F31188BFF36F8FBFF344
:1089C0004F8F30BF62B6BFF36F8F704772B6002310
:1089D00083F31188BFF36F8FBFF34F8F20BF80F3F6
:1089E0001188BFF36F8F62B6704740E800F313F44D
:1089F000803FD8B208BF6FF01500704730B50C68E3
:108A00004B6885B00A894D890094013B24F01F040E
:108A1000234402F01F0242EA451223F01F03694675
:108A20008DF808200393F9F797FE05B030BD08B51F
:108A3000D1E904319847002008BD08B5FAF780F85D
:108A4000002008BD0C220369C9B201FB0233186C77
:108A500000F00700704770B5C9B20369EFF31185E4
:108A6000202484F31288BFF36F8F0C2606FB013499
:108A7000246C14F0C00408D0A24206D085F31188FB
:108A8000BFF36F8F4FF0FF3070BD012271430B4475
:108A90001A6485F31188BFF36F8F43680B445B68DA
:108AA00098470020F0E78022FFF7D5BFF8B5069F72
:108AB0000469C9B2EFF31186202585F31288BFF34C
:108AC0006F8F0C2569430C44256C05F0070CBCF135
:108AD000010F0BD1276486F31188BFF36F8FC4E9B0
:108AE0000E2343685B5898470020F8BD05F0C00589
:108AF000AF4286F31188BFF36F8F0CBF6FF0770022
:108B00004FF0FF30F1E713B580240094FFF7CEFF5C
:108B100002B010BD10B41C240069CBB203FB0400EA
:108B2000002110BC10470020FBF7EEBB002000F036
:108B3000C3BB1046FDF7A2B8022804D0042804D114
:108B40000020FAF70DB90120FBE7704743680020C9
:108B50005B68DB680B607047436802EA01005B6892
:108B600021EA0201586000209960704743680020A4
:108B70005B6859607047436800205B689960704784
:108B800043685A68136821EA03000B4050600020D4
:108B90009360704710B503695868F8B1884219D1DD
:108BA0009C680868A142586000D198600020086065
:108BB0002AB15A680A609A68596002B9996000201F
:108BC00010E0814206D10868206098688142EDD1AA
:108BD0009C60EBE7044600680028F2D1002AE8D147
:108BE0006FF0150010BD01298CBF6FF085000020CB
:108BF00070474368586A70472DE9FF414468CDF8D3
:108C000008D0E07FA57F50436843A36920F060400F
:108C1000CDE90030012002EB4202267F677F0390FE
:108C20000A448A4236D1214651F8040B836802AACD
:108C30001D680023A8470546208D00F09FFD2846AB
:108C400004B0BDE8F081206A10F80C00032824D895
:108C5000DFE800F003021C1E08784FF0070C20FA32
:108C60000CF818F0010F0CBFB846B046082D08BF2D
:108C700003F8018BBCF1010CF1D20EF1010EE07F83
:108C80005FFA8EFC6045DED80331CAE74878E4E736
:108C90008878E2E74FF0000EF1E76FF01505CEE7B8
:108CA00030B543681360057A446804EBC504A342F9
:108CB00002D36FF0010030BD5C798C4201D00833E3
:108CC000F0E70020F7E748B11F302CBF0121002159
:108CD000400940EAC1604909FDF742BB704710B541
:108CE0000469204600F095FC0023636110BDF8B5CF
:108CF000876806467C689CB1436893F82630DB079A
:108D00001DD405694FF0FF334FF0FF322846FCF7C2
:108D1000EDFE6B69002B05DC00242846FCF75EFFA6
:108D20002046F8BD013B6B61002BF5D17B683046D6
:108D30009847041EBEBF6B6901336B61EDE70024E9
:108D4000EEE7F0B4D0E901631B693BB177688F426D
:108D500008DB3568954205DCF0BC18476FF057001A
:108D6000F0BC70476FF01500FAE7F0B4D0E901638A
:108D70001B6A3BB137698F4208DBF568954205DC19
:108D8000F0BC18476FF05700F0BC70476FF015004B
:108D9000FAE770B4D0E90162956A03460C46A5B1C2
:108DA00096F8242012B92B4670BC1847306A02444A
:108DB00010F8011BA14202D121461846F3E7904268
:108DC000F6D16FF0850070BC70476FF05700FAE77E
:108DD0002DE9F3410E46D0E9014794F8251080466D
:108DE000FF2905690FD194F82610C1F381010229EA
:108DF00014D0D8F8083000391B6B18BF01214BB9CB
:108E00006FF0570003E0FFF7C4FF0028EBDA02B071
:108E1000BDE8F081404698470028F8DBA268B2F12F
:108E2000004F05D011464046FFF78BFF0028EEDBD0
:108E30006269B2F1004F05D011464046FFF795FF39
:108E40000028E4DB2368B3F1004F14D0D8F80830D1
:108E50005B69002BD4D0404601A998470028D6DB97
:108E60002268019B9A421CDD11464046FFF769FFCC
:108E7000002805DACBE76FF0004362689A42E5D13B
:108E80009EB994F826309B0716D040463B68984719
:108E90000028BCDBA069FFF716FF6B6901336B612B
:108EA0000AE062689342EBDDDEE76B6901336B61D8
:108EB00094F82630DA0601D40020A8E74046FFF7F0
:108EC00016FFA4E7012303FA01F103691B681942A5
:108ED00018BF82F0010212B18368DB68184783680B
:108EE0001B69FBE708B54368986A38B1012293F81B
:108EF0002C10FFF7E7FF00EAE07008BD6FF0850077
:108F0000FBE743681868B0F1004018BF01207047C4
:108F10000346084631B95B681B68B3F1004F01D0C6
:108F2000136070476FF0150070474368986A20B16E
:108F3000002293F82C10FFF7C5BF6FF08500704733
:108F400043681B68D3F83031704743681B68D3F817
:108F50008004C3F88004704742681368D3F84C015A
:108F600050B10020926A12780A70C3F84C01D3F80D
:108F70004C2101229A6270474FF0FF30704713B5C1
:108F800001AA0446FFF78CFE002805DB019B22683E
:108F900019791868FAF74EFA02B010BD10B50446F8
:108FA00000220121C720F9F705FBC720F9F7D2FA03
:108FB0002046BDE81040FAF779BB10B50446002200
:108FC0000121C620F9F7F6FAC620F9F7C3FA2046C0
:108FD000BDE81040FAF76ABB0129F8B5054622D171
:108FE00043680021D868FFF7CAFF6D680021E86870
:108FF0002C68FFF7C4FF0823C4F8003595F82C301F
:1090000013B12846FAF73EFB2A7A52B9AB6AC4F884
:1090100004370123C4F80837C4F84C21D4F84C2194
:10902000A3620020F8BDA9BB46683468D4F850316B
:10903000B3B10123E362D4F82431002BFBD0002329
:10904000C4F85031D4F85021C4F82431D4F8242184
:10905000C4F84C31D4F84C21C4F81431D4F814318C
:109060006B684FF47A751F68D7F8303123B9012047
:1090700000F020F9013DF7D196F82C3013B13046BD
:10908000FAF700FB0121F068FFF779FF0023C4F82D
:109090000035C6E76FF08500C4E7FFF77EBB07B574
:1090A0000DF10701FFF721FC9DF8073003F0FD03E8
:1090B000012B14BF6FF00F00002003B05DF804FB1C
:1090C000002201214A20F9F775BA10B50B6813B9CF
:1090D0001846136005E003685C681CB114600368FF
:1090E000186810BD083303600B68013B0B60EDE7A7
:1090F00013B501AA0446FFF7D3FD002805DB019B49
:10910000226819791868FAF795F902B010BD03467C
:109110000A4619790123006803FA01F103691B6803
:10912000194218BF82F0010212B18368DB68184748
:1091300083681B69FBE7012970B50C4606D1002145
:109140004368D86BFFF7D4FF002070BD61B9066992
:10915000456896F85D3023B12846FCF7D5F986F8C6
:109160005D400121E86BEDE76FF08500EDE710B59C
:1091700004460068D0B18368C3B149B10121083009
:10918000FFF7C5FF23681869BDE8104000F0FFB97C
:1091900012B98388DB0409D4006900F0F8F920686B
:1091A0000021BDE810400830FFF7B1BF10BD10B579
:1091B000012200210446FFF7DAFFA36933B9636097
:1091C00004F11000BDE81040FCF758BD10BD10B50B
:1091D000006903688B4206D190F85C4034B9FFF710
:1091E000E6FF204610BD6FF01500FBE76FF00F00A3
:1091F000F8E738B505690446296305F12000FCF756
:109200003DFD002285F85C2020691146BDE838400C
:10921000FFF7ADBFF8B50C46054600F028F900226F
:10922000214606462846FBF71DFD03212046FAF796
:10923000E5FD00F020F807462B689B5953B1002646
:109240002146284600F011F920460121FAF7D6FD03
:109250003046F8BD00F00FF8C01BC728ECD96FF0FE
:109260007306EDE707B56846FBF7B6FDDDE90001DB
:1092700003B05DF804FB10B5EFF31184202383F3F2
:109280001288BFF36F8FFFF7EDFF84F31188BFF3F0
:109290006F8F10BD08B5FDF743FC48B1002383F381
:1092A0001188BFF36F8F0423184602DF6FF00400AC
:1092B00008BD004700F06BB9FAF786BFF7B5164650
:1092C000DDE90847019001A81D46FBF7D1F8019B95
:1092D000B6F1000C18BF4FF0010C00EB83000B1E21
:1092E00018BF0123002D43EA4C0314BF4FF00C0CB0
:1092F0004FF0000C002C43EA0C0314BF4FF4706CC9
:109300004FF0000C002F43EA0C0314BF4FF4403C15
:109310004FF0000CD0F8802043EA0C0322EA03034C
:1093200001B109780EB13678760019430DB12D7868
:10933000AD0031430CB12478240229430FB13F78AA
:109340003F040C433C43C0F8804003B0F0BD1FB560
:109350000DF10F03019300238DF80F101A461946E3
:109360000093FFF7ABFF05B05DF804FB70B5044652
:1093700008461646FBF78CF8083034F810300D46D6
:10938000DA0509D5C3F3432304EBC302314628466B
:1093900054F8333052689847A3682BB131462846B9
:1093A000E268BDE87040184770BD10B504792046EA
:1093B000FBF700F940B12046FBF7DAF800B2800075
:1093C00000F5807080B210BD4FF4A270FBE7F0B5DD
:1093D0000446002001270546844695420AD1D4F868
:1093E000443133B10023C4F84431D4F8443140F45B
:1093F0000030F0BDEBB29B0003F580769B0807FAC6
:1094000003F3194208D054F806E0BEF1000F03D070
:1094100044F806C0A65918430135DEE770B5067951
:10942000044630460D46FBF7C5F8B0B13046FBF7B1
:10943000AFF890B93046FBF79BF8012322688340D0
:10944000C2F81833226803B202EB8303D3F8102565
:1094500022F00302C3F8102570BD2846BDE8704015
:109460000021FFF774BFFBF7A1B9FFF7D7BFFFF7E4
:109470009CBF08B5FBF76CFEBDE80840FAF7B4BF27
:10948000C9B2FBF79DBE70B50126A2F58074A40891
:1094900006FA04F4054614EA010008D0A85830B1D1
:1094A00000213046A950AA581A6822431A6070BD9C
:1094B00000232DE9F34104460D460193904601AB8C
:1094C0004FF48072FFF7DFFF4FF482722946204687
:1094D000FFF7D9FF4FF48472074629462046FFF76D
:1094E000D2FF064630B1B8F1000F1DD017B13E468D
:1094F000D4F80C374FF4A6722946204601ABFFF78B
:10950000C2FF30B1B8F1000F03D016B90FB1D4F8D3
:109510000C374FF4B4722946204601ABFFF7B3FF76
:10952000019802B0BDE8F0814646E3E707B5019037
:1095300001A8FBF751FE0123019A9340436003B059
:109540005DF804FB07B5019001A8FBF745FE012378
:10955000019A9340836003B05DF804FB70B54B7FC4
:1095600004460D467BB1012364264360002202219C
:109570002046FFF79DFF20B90120FFF79BFE013E2B
:10958000F4D100236B770023C4F8003570BD08B117
:10959000F9F730BB704710B5436904463BB900206A
:1095A000E2684042537843F00103537010BD98477E
:1095B0000028F4D00028B8BF4042FF28A8BFFF20F1
:1095C000E3681870ECE740B1C368587810F0010008
:1095D0001EBF1878B0FA80F040097047EFF311838E
:1095E000202383F31288BFF36F8FFEE7202408B592
:1095F000EFF3118384F31288BFF36F8FFFF7D9F96C
:10960000F6E790F90E308B4201D0FCF741BD002007
:10961000704703460020C3E90033C3E902007047E6
:109620003AB18A4205D3C0E90212C0E90000002025
:1096300070476FF015007047EFF30580003818BFD2
:10964000012070476FF05700704700207047D0E945
:10965000003213605A600023C0E90033704708B538
:10966000FFF7F5FF437B23F002034373002383607E
:1096700008BD38B504460D46FCF768FC637B43F033
:1096800002036373E5B1A5602B689D4209D16B6845
:10969000C4E900531C606C6012E06A689A42F6D01C
:1096A0001B68002BF3D094F90E2093F90E108A4218
:1096B000F3D09142F1DD5A68C4E9003214605C6075
:1096C00038BD10B5EFF31184202383F31288BFF364
:1096D0006F8FFCF7F9FB84F31188BFF36F8F10BD18
:1096E00008B5EFF31181202282F31288BFF36F8F48
:1096F00083680BB1FFF7B3FF81F31188BFF36F8F5E
:1097000008BD38B5EFF31184202383F31288BFF32B
:109710006F8F002390F86C50427B80F86C302DB135
:1097200021B184F31188BFF36F8F38BD12F0280F79
:10973000F7D183680BB1FFF792FF437B23F004035B
:109740004373FCF7C1FBECE701211838FFF7D9BFE1
:1097500008B50346EFF31181202282F31288BFF38C
:109760006F8F0068834207D008B1FFF778FF81F35D
:109770001188BFF36F8F08BD0020F8E708B5C31745
:109780001F3043F10003400940EAC360C117FCF7F2
:10979000ABFD400108BD2DE9F04105460E461746D8
:1097A000EFF31188202383F31288BFF36F8F0468CF
:1097B000A0420FD1002088F31188BFF36F8FBDE85E
:1097C000F08139462046B0470028F4D16B68A342A7
:1097D000F0D02468002CF4D1ECE708B50246FCF781
:1097E0003DFF70B1D0E904319B1A61EBE272B3F135
:1097F000004F72F1000104DA002AACBF18460020C5
:1098000008BD6FF00040FBE7024638B5EFF3118565
:10981000202383F31288BFF36F8F0368CBB1FCF76B
:109820001DFF04461046FCF72BFF00224FF00043BB
:109830008442C0E9042306D1FCF718FFFFF7CDFFEF
:109840000021FAF79DFB002085F31188BFF36F8F8D
:1098500038BD6FF01500F7E708B5FDF71BF808BD38
:10986000FDF718B80023C0E9081200F11802C0E99A
:109870000622C0E9003303634363704710B5044612
:10988000FFF7C2FFA8B9636A0BB12046984704F1FD
:109890001800FFF75DFF60B1FFF713FFEFF31180D2
:1098A000202383F31288BFF36F8FBDE81040FCF7CD
:1098B00073BC10BD10B50446406A10B1A16A00F037
:1098C00029F80020C4E9090010BD38B50546FFF7A6
:1098D000F1FF2B7F0446012B0ED0023B012B0ED84B
:1098E0002B6A012B18BF6FF096042C22002128460A
:1098F00000F047FA204638BD2B6A002BF2E76FF0E4
:109900009604F2E7FDF718BA704700207047002070
:109910007047704710B5044608B1FDF7ABF9204613
:10992000BDE81040FDF7A0B90A2840DCC31C22DACC
:1099300010F1400F47D010F13F0F2BDA10F1410F1B
:1099400044D010F1550F44D010F1490F08BF6FF00B
:10995000840018BF6FF08600704709282AD8DFE816
:1099600000F00529290816293829292F6FF09800B9
:10997000704700207047C31C0D2B1BD8DFE803F095
:10998000072F1A1C1A1A1A1A1A1A1D1A1A1D6FF002
:109990008500704710F1210F1ED00BDB10F1200F56
:1099A0001DD010F1100F08BF6FF09400D1E764389C
:1099B0000928D2D96FF0860070476FF09400704785
:1099C0006FF08C0070476FF0840070476FF0890073
:1099D00070476FF0930070476FF0880070476FF02A
:1099E0009200704710B501380A44914200D110BD71
:1099F00010F8013F11F8014B63400370F5E7014493
:109A0000814200D1704711F8013D1A440A70120AD0
:109A1000F6E710B58B4294BFC4184418A04200D199
:109A200010BD00F8012BF9E700231A4682B001901F
:109A30008B4201D102B070470198C2540133F7E75D
:109A40000368D90444BF43F48063036003689A0445
:109A500044BF43F4006303607047F7B506460D4604
:109A6000202D2F46A8BF202700216846FDF71CFDAA
:109A7000044670B93A4631466846FDF767FD10F175
:109A8000520F044608D0431CF4D0684600F0A4F8F6
:109A900034B1204603B0F0BD684600F09DF8E3E71E
:109AA000EC1B3E44F5D02546DAE707B501A9FDF7E2
:109AB000F5FA003818BF012003B05DF804FBCA04B2
:109AC00048BF41F480618B0448BF41F4006181606C
:109AD000704730B589B0054618220C4601A8002110
:109AE00000F04FF9012344EA052401A9BA200794A4
:109AF0000593FDF79BFA002818BF6FF0920009B09C
:109B000030BDF7B5BA2001A9FDF7C8FA044610B177
:109B1000002003B0F0BD019D2F0AEDB2AC4205D18B
:109B2000BA20FDF7A1FA0028F2D008E0E619304685
:109B3000FDF79AFA30B13046FFF7B7FF10B96FF072
:109B40009200E6E70134E9E7BFF35F8F4FF0A343EC
:109B5000DA69BFF35F8FBFF35F8F10215963BFF3E3
:109B60005F8FBFF35F8F00215963BFF35F8FBFF338
:109B70005F8FD96BBFF35F8F4906F8D422B1BFF373
:109B80005F8FDA61BFF35F8F704708B5FDF7D2FDD5
:109B900030B9BFF35F8F4FF0A343986ABFF35F8F75
:109BA000BFF35F8F4FF0A342D36BBFF35F8F10F013
:109BB000240F03F0230304D0FFF7C6FF6FF01F004C
:109BC00008BD4FF0FF30002BFAD1BFF35F8F106359
:109BD000BFF35F8F1846F3E710B5037804461BB157
:109BE000FDF774F800232370002010BD02220368E3
:109BF0009A607047C0F30B03482B4B6028BF482383
:109C000010F4003F8B6008BF0023CB6010F480335A
:109C100008BFC1E9013300F47003B3F5700F14BF3E
:109C200000238B6800284FF0010C4FF008028B6076
:109C3000B8BF0023C1E905C2B8BFC1E90533704709
:109C4000FBF7CCBF4FF0FF324FF0FF33FBF74EBFB7
:109C50004FF0FF324FF0FF33FBF748BFFBF7BEBFBB
:109C600000F072B807B54FF0FF334FF0FF32CDE987
:109C70000023002200F075F803B05DF804FB00F04B
:109C80006CB800F066B82DE9F3470446DDE90A98A0
:109C900015460E4659B302F0010AFCF7B3FB07461E
:109CA000EFF31181202383F31288BFF36F8FA8078E
:109CB00044BF0023A360A36803EA0600BAF1000FC3
:109CC0000CD086420CD16A0744BF8343A36081F362
:109CD0001188BFF36F8F02B0BDE8F0870028F2D182
:109CE00059EA080305D181F31188BFF36F8F002073
:109CF000F1E7C7E919652246CDE9009804F10C00A7
:109D0000FCF7A4F90028F2D1786EE4E710B54B68AF
:109D1000D0E9194212F0010F03EA040301D09C427A
:109D200010D17BB14366520744BF8A681A430B685F
:109D300048BF8A6003660123086080F86C301830E1
:109D4000FFF762FD002010BD0023C0E90000836022
:109D500070474FF0FF32FDF739BD0A460021FDF78D
:109D600035BD5200FFF78FBF0A44431E914200D118
:109D7000704710B511F8014B914203F8014FF9D12A
:109D800010BD02440346934200D1704703F8011B03
:109D9000F9E70246014410B58A42134603D01C7805
:109DA0000132002CF8D1181A10BDF0B5C3F13707F5
:109DB000044603F01F031046FFB2082BE6B232D070
:109DC000102B3DD06508A40845EAC17544EA8174AA
:109DD0008A082D1942EB5102290941EA02716D18D6
:109DE00042EB1212290A41EA02616D1842EB12227B
:109DF000290C41EA02416D1842EB1242AD1842F1C2
:109E00000002EC0844EA4274D10804EB8402A6EB99
:109E10004205EDB2092D0CD90134A5F10A0541F135
:109E20000001EDB212E0E40806F0070544EA4174CF
:109E3000C908303554EA010200F8015BBDD1F0BD1C
:109E4000240906F00F0544EA01740909092D84BFAD
:109E5000ED19EDB2EDE7D1E9043293421EBF5A1C71
:109E60000A611870704700000148006870470000E0
:109E7000180A00203C66FF7F010000008D2B0000C7
:109E80000000000000000000149F0000000000001F
:109E9000389F000000000000809F000000000000CC
:109EA0005C9F000000000000C89F00000000000050
:109EB000A49F0000192F000000000000D93E000000
:109EC00000000000A912000000000000692B000043
:109ED00000000000C9320000000000000000000087
:109EE00058A000000000000034A0000000000000A6
:109EF00010A0000000000000EC9F00000000000027
:109F00007CA000009592000000000000000000000E
:109F1000A0A0000053C9000068AB000068A90000C1
:109F200004020020540A00209D2C000000000000C4
:109F300000000000000000007AC900008CAB0000A7
:109F40003CA9000006020020A80A0020692F00009A
:109F50000000000000000000F000002086C90000A2
:109F6000A4AB00003CA9000008020020B40A0020B5
:109F7000692F000000000000000000000001002028
:109F800091C90000BCAB00003CA900000A020020FF
:109F9000C00A0020692F000000000000000000003F
:109FA00010010020DFCA0000CCAC0000CCA90000EA
:109FB000160200202C0B00209D8F00007936000037
:109FC0000000000020010020EACA000028AD0000C7
:109FD000CCA9000018020020340B0020BB8F000029
:109FE0007936000000000000300100208FCA000018
:109FF0000CAC000090A900000E020020CC0A00204A
:10A00000AD3500000000000000000000000000006E
:10A0100098CA00003CAC000090A90000100200208B
:10A02000E40A0020AD350000000000000000000040
:10A0300000000000A1CA00006CAC000090A9000064
:10A0400012020020FC0A0020AD35000000000000D4
:10A050000000000000000000AACA00009CAC000044
:10A0600090A9000014020020140B0020AD35000060
:10A07000000000000000000000000000C1CC000053
:10A0800090AD000060A900001A02002050010020DD
:10A09000ED3700009F90000000000000400100200C
:10A0A00057CA0000D4AB000084A900000C020020B5
:10A0B00000000000713300000000000000000000FC
:10A0C00000000000000000008F8900000000000078
:10A0D0008F890000000000008F8900000000000050
:10A0E0008F890000000000008F8900000000000040
:10A0F0008F890000000000008F8900000000000030
:10A100008F890000000000008F890000000000001F
:10A110008F890000000000008F890000000000000F
:10A120008F890000000000008F89000000000000FF
:10A130008F890000000000008F89000000000000EF
:10A140008F890000000000008F89000000000000DF
:10A150008F890000000000008F89000000000000CF
:10A160008F890000000000008F89000000000000BF
:10A170008F890000000000008F89000000000000AF
:10A180008F890000000000008F890000000000009F
:10A190008F890000000000008F890000000000008F
:10A1A0008F890000000000008F890000000000007F
:10A1B0008F890000000000008F890000000000006F
:10A1C0008F890000000000008F890000000000005F
:10A1D0008F890000000000008F890000000000004F
:10A1E0008F890000000000008F890000000000003F
:10A1F0008F890000000000008F890000000000002F
:10A200008F890000000000008F890000000000001E
:10A210008F890000000000008F890000000000000E
:10A220008F890000000000008F89000000000000FE
:10A230008F890000000000008F89000000000000EE
:10A240008F890000000000008F89000000000000DE
:10A250008F890000000000008F89000000000000CE
:10A260008F890000000000008F89000000000000BE
:10A270008F890000000000008F89000000000000AE
:10A280008F890000000000008F890000000000009E
:10A290008F890000000000008F890000000000008E
:10A2A0008F890000000000008F890000000000007E
:10A2B0008F890000000000008F890000000000006E
:10A2C0008F890000000000008F890000000000005E
:10A2D0008F890000000000008F890000000000004E
:10A2E0008F890000000000008F890000000000003E
:10A2F0008F890000000000008F890000000000002E
:10A300008F89000000000000A5760000000000001A
:10A310008F8900002D570000B3920000000000005C
:10A320008F890000000000008F89000000000000FD
:10A330008F890000000000008F89000000000000ED
:10A340008F890000000000008F89000000000000DD
:10A350008F890000000000008F89000000000000CD
:10A360008F890000000000008F89000000000000BD
:10A370008F890000000000008F89000000000000AD
:10A380008F890000000000008F890000000000009D
:10A390008F890000000000008F890000000000008D
:10A3A0008F890000000000008F890000000000007D
:10A3B0008F890000000000008F890000000000006D
:10A3C0008F890000000000008F890000000000005D
:10A3D0008F890000000000008F890000000000004D
:10A3E0008F890000000000008F890000000000003D
:10A3F0008F890000000000008F890000000000002D
:10A400008F890000000000008F890000000000001C
:10A410008F890000000000008F890000000000000C
:10A420008F890000000000008F89000000000000FC
:10A430008F890000000000008F89000000000000EC
:10A440008F890000000000008F89000000000000DC
:10A450008F890000000000008F89000000000000CC
:10A460008F890000000000008F89000000000000BC
:10A470008F890000000000008F89000000000000AC
:10A480008F890000000000008F890000000000009C
:10A490008F890000000000008F890000000000008C
:10A4A0008F890000000000008F890000000000007C
:10A4B0008F890000000000008F890000000000006C
:10A4C0008F890000000000008F890000000000005C
:10A4D0008F890000000000008F890000000000004C
:10A4E0008F890000000000008F890000000000003C
:10A4F0008F890000000000008F890000000000002C
:10A500008F890000000000008F890000000000001B
:10A510008F890000000000008F890000000000000B
:10A520008F890000000000008F89000000000000FB
:10A530008F890000000000008F89000000000000EB
:10A540008F890000000000008F89000000000000DB
:10A550008F890000000000008F89000000000000CB
:10A560008F890000000000008F89000000000000BB
:10A570008F890000000000008F89000000000000AB
:10A580008F890000000000008F890000000000009B
:10A590008F890000000000008F890000000000008B
:10A5A0008F890000000000008F890000000000007B
:10A5B0008F890000000000008F890000000000006B
:10A5C0008F890000000000008F890000000000005B
:10A5D0008F890000000000008F890000000000004B
:10A5E0008F890000000000008F890000000000003B
:10A5F0008F890000000000008F890000000000002B
:10A600008F890000000000008F890000000000001A
:10A610008F890000000000008F890000000000000A
:10A620008F890000000000008F89000000000000FA
:10A630008F890000000000008F89000000000000EA
:10A640008F890000000000008F89000000000000DA
:10A650008F890000000000008F89000000000000CA
:10A660008F890000000000008F89000000000000BA
:10A670008F890000000000008F89000000000000AA
:10A680008F890000000000008F890000000000009A
:10A690008F890000000000008F890000000000008A
:10A6A0008F890000000000008F890000000000007A
:10A6B0008F890000000000008F890000000000006A
:10A6C0008F890000000000008F890000000000005A
:10A6D0008F890000000000008F890000000000004A
:10A6E0008F890000000000008F890000000000003A
:10A6F0008F890000C89F0000418F0000A49F0000C8
:10A70000418F0000000000008F8900000000000061
:10A710008F890000000000008F8900000000000009
:10A720008F890000000000008F89000000000000F9
:10A730008F890000000000008F89000000000000E9
:10A740008F890000000000008F89000000000000D9
:10A750008F890000000000008F89000000000000C9
:10A760008F890000000000008F89000000000000B9
:10A770008F890000000000008F89000000000000A9
:10A780008F890000000000008F8900000000000099
:10A790008F890000000000008F8900001D4D00001F
:10A7A000B3920000000000008F890000000000004C
:10A7B0008F890000000000008F8900000000000069
:10A7C0008F890000000000008F8900000000000059
:10A7D0008F890000000000008F8900000000000049
:10A7E0008F890000A1500000B3920000000000001B
:10A7F0008F890000000000008F8900000000000029
:10A800008F890000000000008F8900000000000018
:10A810008F890000000000008F8900000000000008
:10A820008F890000000000008F89000000000000F8
:10A830008F890000000000008F89000000000000E8
:10A840008F890000000000008F89000000000000D8
:10A850008F890000000000008F89000000000000C8
:10A860008F890000000000008F89000000000000B8
:10A870008F890000000000008F89000000000000A8
:10A880008F890000000000008F8900000000000098
:10A890008F890000000000008F8900000000000088
:10A8A0008F890000000000008F8900000000000078
:10A8B0008F890000000000008F8900000000000068
:10A8C0008F890000000000008F8900000000000058
:10A8D0008F890000000000008F8900000000000048
:10A8E0008F890000000000008F8900007394000031
:10A8F000B3920000000000008F89000000000000FB
:10A900008F890000000000008F8900000000000017
:10A910008F890000000000008F8900000000000007
:10A920008F890000000000008F8900002D4D00007D
:10A93000B3920000000000008F890000CD2F0000BE
:10A940004D8B0000598B00006D8B0000778B000051
:10A95000818B0000AD310000958B000000000000ED
:10A96000A13A0000CF910000F92C0000A78A000056
:10A97000078B000000000000458A00000000000076
:10A9800000000000F98B000000000000F38B0000C5
:10A99000E58E00002B8F0000038F0000118F000058
:10A9A00000000000000000000000000000000000A7
:10A9B0000000000000000000000000000000000097
:10A9C000000000000000000000000000598F00009F
:10A9D000293700004B8F000048C900000300000029
:10A9E000D6C20000030000006CC900000300000094
:10A9F000BFCD000003000000ECC900000300000010
:10AA0000EFC2000003000000F3C2000003000000DA
:10AA10001BC40000030000002EC200000400000060
:10AA2000C5C8000003000000BCCD0000030000000A
:10AA300039C4000003000000B6CA00000300000093
:10AA400044C9000003000000CBCC0000030000005C
:10AA5000F5CA00000300000060CA00000400000006
:10AA60000CAB0000D80000200AC400000100000068
:10AA700000A0105000820D50000405500500000099
:10AA800004000000010000000000000000000000C1
:10AA90000338FDD8704700000000000000000000EF
:10AAA0000338FDD870470000780300200001000043
:10AAB000B18600005B8600000200000041880000B3
:10AAC0000000000000000000000000000000000086
:10AAD000EAC30000F2C30000000000000000000014
:10AAE00000000000FAC30000FEC3000002C4000022
:10AAF00006C40000FCAA0000F4090020251D000087
:10AB00000C0A00200213002001000000CD88000084
:10AB1000C3880000D11C0000B788000000000000BE
:10AB2000AB88000000000000400000200000000092
:10AB300006000100020000003CAB00000000000025
:10AB400035C9000006000000E04F1600000000209C
:10AB50003DC9000021000000E0EF0220592C000058
:10AB6000292C000000000000AD2D00002D2D00005C
:10AB700060C90000278B00002D8B000066C9000013
:10AB800000A0105000820D50000405501F0000006E
:10AB900000A01050000000000000000000C0105095
:10ABA00001000000FFFF000000820D5000000000C7
:10ABB0000100000000A00D5000000000FF07000091
:10ABC000000405500000000002000000000000002A
:10ABD000000000007CA0000000127A0000010000CC
:10ABE000000000000000000000000000041300202E
:10ABF000FCE008036BCA0000100000000800000021
:10AC000000A0105000820D5000040550000000808C
:10AC1000FFFFFF7F0000008000000080FFFFFF7F3C
:10AC2000000000800000000000000000C6CA000014
:10AC300000FF08005C9F00000F0000000000008083
:10AC4000FFFFFF7F0000008000000080FFFFFF7F0C
:10AC5000000000800000000000000000C6CA0000E4
:10AC600000FF0800809F000003000000000000803B
:10AC7000FFFFFF7F0000008000000080FFFFFF7FDC
:10AC8000000000800000000000000000C6CA0000B4
:10AC900000FF0800809F0000050000000000008009
:10ACA000FFFFFF7F0000008000000080FFFFFF7FAC
:10ACB000000000808813000000000000C6CA0000E9
:10ACC00000FF0A00389F00000100000000700C50D7
:10ACD0000000000000000000FCAC000000C2010009
:10ACE0000000D6010000000000000040000000004D
:10ACF00085140020841400200101000000700C5015
:10AD000008AD00000200000020AD000002000000BD
:10AD100018AD0000020100004880000047800001DB
:10AD2000480000004706000100600C5000000000D1
:10AD30000000000058AD000000C201000000D60174
:10AD40000000000000000040000000008714002008
:10AD5000861400200101000000600C5064AD00006A
:10AD6000020000007CAD00000200000074AD000095
:10AD70000201000029800000288000012900000055
:10AD80002806000100A0105000820D50000405505C
:10AD900000A00450000000000048E801000000008E
:10ADA0000000000000000000FFFFFFFF0000FF00A8
:10ADB0000000000000000000FFFFFFFF0100000195
:10ADC00001000000C1900000FFFF0000E0AD0000A6
:10ADD000FFFFFFFF00000000000000000000000077
:10ADE00000A00450ECAD00000200000008AE00001E
:10ADF00003000000FCAD00000301000041800004DE
:10AE00004280000544800006410000044200000525
:10AE100044000006000000000000000000A01050E8
:10AE200000820D500004055000A0105000820D500B
:10AE300000040550080000000200000004000000AB
:10AE40000100000000A0105000820D5000040550C9
:10AE500072CD000080CD000094CD0000A3CD000095
:10AE6000AFCD00007C9E00007C9E0000BC9E0000D8
:10AE7000C49E0000149F0000149F000000388A4008
:10AE80008F409440A140A640AC401548CB40AE4016
:10AE9000A3400038003800380038CE40ED409D41D6
:10AEA00049415641324137413C414141B941BE419E
:10AEB000D7410E42FA418D411B42804162426A42B3
:10AEC000774274436E4366437F432E4824460038DE
:10AED000003800380038AF48D548F34863457D4511
:10AEE00085439D45A845BB45E345ED45CF45FC451C
:10AEF00015468C466E4695468E460038003800381A
:10AF0000284200380038003800380038003800384F
:10AF1000003800380038003800380038194919491D
:10AF20001949194919491949194919491949194911
:10AF30000038003800380038003800380038003851
:10AF40000038003800380038003800380038003841
:10AF50000038003800380038003800380038003831
:10AF60000038003800380038003800380038003821
:10AF70000038003800380038003800388C090038B4
:10AF8000FFFFFF000000000010270081878A001AE1
:10AF90007B627AA678797A8D00307B627AA778799D
:10AFA0007A8D003078207B6279217A220C108650CD
:10AFB00082A2808182A28287828D001A0030722054
:10AFC00095407AAC797B003078247B627AA88479CA
:10AFD0007A8D00307224A7407B2479257A268562F9
:10AFE00086A87284868D11A68584116286A78586BF
:10AFF00084208621862286509A5086A6867286A84C
:10B000008685868D8462868D781086A67270001A79
:10B0100000307ABB7879003000830030001C001CBF
:10B02000001C001C001B7C22001D1310D040001AC5
:10B03000001C001C001C001B7C22001D001B7C222D
:10B04000001D1310DA40001A000C016A3427001AA0
:10B05000006E1027001A7B62782479257A260C105E
:10B0600086500E1022590E101A59848FC50811B837
:10B0700085850410295911A284871AA21111112063
:10B08000071890A2801A9020001919A272871AA698
:10B090001970001B7C201AA21A8013100B410E108D
:10B0A0001D590410335986A21A72868D001A003079
:10B0B000870811B8858211A284871AA21111112064
:10B0C000031890A2801A9020001915A281871AA255
:10B0D00015151520031890A2801A90200019074119
:10B0E0008650052408250426F540865004240625AC
:10B0F0000526F54086500C2406250B26F540865083
:10B100000B2408251A26F55000AB0C1A00300DA7A9
:10B1100002720AAC060D0EA703720BAC060E026299
:10B120000CA872030C8D00307DBB0203048F05A6B2
:10B13000707003628650042072210E229A500070B3
:10B14000108A0E240B250E26F3500272865004201E
:10B1500072210D229A5002721027108A0D240A259E
:10B160000D26F35005A70D0E05200C2105229A503F
:10B17000007005BB030505A60E050030026286506F
:10B18000042072210D229A500070108A0D240A2585
:10B190000D26F35000300DA70D0E05A6707002723B
:10B1A00086500C200D2105229A50007005BB030526
:10B1B00005A60E05003002620DA7027203620EA7FB
:10B1C000037201BB0D0E00BB02030D200E21802275
:10B1D00082AC8081812082213910A941006201A8BE
:10B1E0000180018D012408250626B150003003247A
:10B1F000062508268650F340032405250A26865096
:10B20000F350026286500A2072210A229A503810A6
:10B21000003906200A210B229A500BA60B0C0BA812
:10B220000B050B8D38100039003002620A8E0A8F30
:10B230000B8E0B8F072787500EA8720B0C200E2148
:10B240000D229A500A200E210E229A50006286503A
:10B2500003240D251A2608210E221A5102620081AC
:10B2600007271A2072211A229A5000AB0A1A0030BE
:10B2700086500DBB08060DA6040D032406250E26D8
:10B28000F3500E2007210E229A500EA7050E0E8DA8
:10B290000E240D250B26F34086500A2408250D2682
:10B2A000F35002200D210E229A500E240C250B265D
:10B2B000F340865007200A210D229A5003240C25C2
:10B2C0000E26F35005A60D0E058D0030865001A701
:10B2D00000720AB9010006240A250426F55077A752
:10B2E000047238100030011877A7040138100030BC
:10B2F0000420042104229A5077A704723810003CDD
:10B30000001977A704013910003C0030A0A2721088
:10B31000685380A2811090A29110021096530810D9
:10B320005B541410FB5439108134001A000C865001
:10B3300033A2041002102D440810D74414105B45AA
:10B3400058522620782148522621001C7A20CC42CF
:10B3500058522620782148521D2079214A52262011
:10B3600026211D22001E7A20CC42585278247925AD
:10B370007D527A20CC421120842148521120101095
:10B380007A590E10364901218526006886AC86015F
:10B390002EA67070C1522E2236102C2235A786821E
:10B3A000006CC80811B83581EA5026201121001C14
:10B3B000262002101254112126220718B120021053
:10B3C00015540810C7541410515580210019E35228
:10B3D00026202621D0501122BC520068C152006C98
:10B3E0002320361026201B220318001E802100195E
:10B3F0002621001A001B0B102320001F001A2CBA54
:10B4000073742CBA2C2C2CA72C742DA7018677A72B
:10B410002D2C001AA122DC5202108D530810545416
:10B420001410F65480A2807290A29072808D908D3C
:10B43000001A003082A2821082A2827282A8108238
:10B44000001A2C2013211622071880A28182802145
:10B450009020B22200193222DC5229A2322828A2DE
:10B46000323131A2292525A2293030A2312222A24F
:10B47000312F2FA2301F1FA2302E2EA22F1C1CA254
:10B480002F2D2DA22E1919A22E2C2CA22D1616A26C
:10B490002D132FA6117030A6127031A6137013A6AB
:10B4A0002C7011201121081802108D5308105454CB
:10B4B0001410F654A020B121001926A62F7027A63B
:10B4C000307028A63170001A1120842148521D20A6
:10B4D000822148528A0811B8858314201121112233
:10B4E000001C05188024B1208421001E0019202092
:10B4F0001D211D22001C05188024B1208421001E5E
:10B500000019E352262026211922001EDA501122AA
:10B51000BC5219222620BC5277A22872F810821041
:10B5200077A7850177108620CC4285A6850183A662
:10B53000830183A6830113A272101DA619701EA693
:10B540001A701FA613702C43585278210810E0443B
:10B55000818F918F001A003077A701003810013ACF
:10B56000001A003058520421685302103954081050
:10B57000F0543810053A001A00305852262078212D
:10B580004A52001A00305852151075536E53262037
:10B5900002214A5200302DA2A1A12EA2A12D80A2EB
:10B5A000812D90A2912E001A2FA205102EA280802C
:10B5B0002CA280332EA22E802DA290902EA62E2C6F
:10B5C0002EA62F2E2CA72D2E2CA22C722C8D001ADD
:10B5D00030A691912CA681812DA230911A10E243C0
:10B5E00031A2A1A11810C5432EA2818131A231310F
:10B5F0002CA22C2D31A231332FBA2E742EA62F312E
:10B6000031A62C2CD1432EA681312FA781312CA21B
:10B610002C2D2EA22E2F31A62C2C2EBA2E742DA21C
:10B620002D2D2FA22E2E2DA62D2D80A72F3131A707
:10B630002C80A0A230A12FA22E3190A72F2D001A6E
:10B640002EA281812CA22C2DCD4331A67092ED43E8
:10B6500031A77092ED4330A2A1A12FA231A131A256
:10B6600030822FA22F3031A731812FA72F9130A206
:10B670003131A0A231A12CA2813030A231302EA6CE
:10B680002C2C31A22F2F2EA6302E80A7312E2CA7A6
:10B690002C802EA2913031A22F2C90A7312E001A8F
:10B6A000B0A2A0A0001A2EA670921B442EA77092E2
:10B6B0001B442DA2A2B231A2A1A12CA281B22FA221
:10B6C000A13131A282312DA2912D2FA22E2F2EA297
:10B6D000A1A22C21F543AAC3E7D3EAE32CA6047464
:10B6E00077A72C00381477A604707814001A2DA2BE
:10B6F00005102EA633332FA62D2D2EA22E2E2FA6CB
:10B700002F2D2EA22E332FA22F2F30A62F2F2EA675
:10B710002E2F2FA62E3077A22F72001A90A770908E
:10B72000908D001A2DA2A1A180A281A190A2912D9D
:10B73000001A2FA205102EA280802CA280332EA2E8
:10B740002E802CA22C802DA2909030A280902EA62C
:10B750002E2C2DA62D302EA62F2E2CA72D2E001AE6
:10B760002CA281A12DA281812EA62D912DA22D2D5D
:10B77000A0A22C2C2CA22C2E2EA22E2E18108544EA
:10B780002FA2A03387442FBAA0042EA62E2C80A669
:10B790002E2F2CA6A02C2DA22DA02CA22C8090A662
:10B7A0002C2D001A702398448223984431A683924A
:10B7B0002FA282A130A2A1A130A2313031A2818179
:10B7C00032A22F2F29A6313231A63191A0A229A170
:10B7D00031A22F312EA6812F32A630322FA69130E2
:10B7E00032A281322FA22F2E2CA2812F2DA229919D
:10B7F00080A632312CA62C2D32A62FA031A22C29C6
:10B8000029A2328090A63129001A30A2A1A12DA22E
:10B81000A2A22CA281A22FA282A12DA2912D30A2A0
:10B8200092302EA2A1A22C21A04472C494D496E4FA
:10B83000006877A772043714006C001A2DA2728773
:10B840002CA22D8177A7812C391081362CA22D9125
:10B8500077A7912C39109136001A003077A6057021
:10B86000001A90A68090001A80A281A190A291A1B6
:10B87000001A31A272102CA280802DA290902EA6C8
:10B880002C2D2FA22C2D2FA2332F2FA62F312EA7F8
:10B890002E2F2E8D001A2CA6819130A281812DA2EF
:10B8A00091912EA2A1A12CA22C2C2EA62E2E2FA639
:10B8B000302D2DA7302D2CA72C2F2EA72F2E90A268
:10B8C0002D2F80A22C2EA0A22E2F001A2EA6708221
:10B8D0002E452EA770822E452FA2A1922EA2A12E18
:10B8E00030A2819131A22E2F32A6912E2EA7812E29
:10B8F0002CA6812F2FA6912F32A22C322CA22E2FD4
:10B900002EA630312FA7303130A72C2F31A7322E61
:10B9100080A22E3090A22F31A0A23031001A2CA28A
:10B92000A2812DA2A2912FA2A1922EA2A1822C21AE
:10B9300032450DC528D52BE5001A80A77080808D73
:10B94000001A5852022407257D522620CC52E65078
:10B950008750262072210A229A503810003906207A
:10B960000A210B229A500BA60C0B0BA80B070B8D70
:10B97000381000390030E65087500A8E0A8F0B8E3F
:10B980000B8F0DA8720B0C200D2135229A500A2026
:10B990002B229A50EA50585208222B230224352594
:10B9A00026262653E6500081262072212C229A500A
:10B9B00000AB0A2C0030E6502BA872062B8DEA5003
:10B9C000585202242B257D520820CC42000C0064E2
:10B9D00035A60A0CE65087503520722135229A5040
:10B9E0000BA7073506200B210B229A50381000397F
:10B9F0000030000C006435A60A0CE65087500B8F0F
:10BA00003520722135229A50EA50585208220B23D1
:10BA1000022435250D2626530030585226200B21AE
:10BA200048521D2006214A52262026211D22001E92
:10BA30001D2008214A52262026211D22001E0D20ED
:10BA4000CC42E65087500B200C210A229A5082A744
:10BA50000882828D0030585208220C2378240A254F
:10BA60002626265300682620062100AB818000ABE5
:10BA70009190003058520620021050540810F35490
:10BA800014105F5506240B257D521D2008214A52B3
:10BA9000262026211D22001E1120CC5211240A2509
:10BAA0007D520D20CC42E65087500A200D212B22DA
:10BAB0009A50EA50CF550BA62B700D240B257D52C2
:10BAC0000820CC428650000800B8797917A7017386
:10BAD000179E179E0BA2781017A217100C200E228B
:10BAE00080A60B7090A2721082A6907092A67070C1
:10BAF00068460E227AA882927A8D00300E210C229E
:10BB000011A6819112A7819113A2111114A21212F0
:10BB100015A6829216A7829215A2151216A21116C8
:10BB200011A7131481A2131412A2171114A615162B
:10BB300015A7151682A2141416A2151513A6131212
:10BB400092A2160B91A2111312103B46001B0A1071
:10BB500040460C210E22424606217A5608217C5688
:10BB600036A2060B36A236870AA608360A8D0030A2
:10BB7000E650875091A2918736A2768736A29136F9
:10BB800081A2818781A6368181A28172818D91A651
:10BB90007070001A02248F46062408217A56EA5053
:10BBA0001410C447F34606217A560A8FEA5014103F
:10BBB000C9471C4735A2811034A2911031A23535F6
:10BBC00036A2343433A2041035A2313634A27210B6
:10BBD00033A2333531A7363136A6343331A7313667
:10BBE000318D39108134001A31A2911036A204101F
:10BBF00031A2313133A2721036A2363131A731333E
:10BC000036A6363333A2363633A2333634A2333334
:10BC100035A2343635A2353134A2313335A23572EE
:10BC2000358D33A7007333A73374339E339E339E11
:10BC3000352433253526F55035A2351034A2343558
:10BC400033A2343433A2333633A63331338D7220EA
:10BC50003810052081A23480818D7D1081A700815C
:10BC6000001A000C8650D00811B8080132A2041046
:10BC700032A6323284210C20A5570C212D20885762
:10BC80001120AE57071880222D21C0205D5780213A
:10BC9000AE5700190C210C2088C75DD768E7D0503B
:10BCA000112217570A20B9570030001B0C200B1027
:10BCB0002D206847000C86500821B6569C5632A2AB
:10BCC000041032A63232920811B80A0602210C2062
:10BCD000A5570C212D2088571120AE57031880221C
:10BCE0002D21C0205D578021AE5700190821212049
:10BCF000A55721212D2088572120AE5703188022D7
:10BD00002D21C0205D578021AE5700190C21212222
:10BD10000C205D5788C75DD768E7DA5011221757A6
:10BD2000212217570C20B95777A680703E10003992
:10BD300000AB0B90003031A6918136A7918131A2E2
:10BD4000318236A2369233A670B2734731A6918102
:10BD500036A7918131A2319236A2368233A770B2D2
:10BD6000734734A2A1A233A2B13335A6313631A72D
:10BD7000313636A7343333A6343380A2313690A21D
:10BD80003533A0A23633B0A23531001A31A69181E5
:10BD900036A7918134A2313133A2313631A2A1B11B
:10BDA00036A2A1A131A6313136A6363636A73633B2
:10BDB00034A7343180A23136A0A2363390A2333476
:10BDC000B0A23134001A80A2811090A29110A0A2DA
:10BDD0007210B0A28090001A31A6918190A7918133
:10BDE00080A63170A0A6A1A1B0A2B132001A35A2DE
:10BDF000721035A835A180A2813590A29135808D31
:10BE0000908D001A082558527D520A20CC42585273
:10BE10000821DB5708205F550822062302240A2543
:10BE20002626265377A626703E100B3900AB0B272B
:10BE30000030918F2CA291872DA272872CA22C2CDE
:10BE40002EA72C2D2CA22C332CA72C2D2DA22E2E40
:10BE50002FA22E2C2DA22D2F2FA22F2F2FA22D2F30
:10BE60002FA22F722F8D30A70074309E309E2F246A
:10BE700030252F26F5502FA22F872DA22F2D2FA250
:10BE80002D2D2FA22F2C2FA72F2E2F8D391091342F
:10BE900081A22D72818D7C1081A7008177A78100FE
:10BEA00037109134001A000C7B62865078231BA651
:10BEB0007D721B9E341043481B9E83241B257A26CB
:10BEC000F5507A207A211B229A501BA71B831B8DC9
:10BED0003910003D001A00305852782078211C2279
:10BEE0009A501CA61C041C209A501CA61C051C8DD4
:10BEF0001C23195877A67A703D1000307AA7007A73
:10BF000000301DA77D721EA61D701E9E83241E2557
:10BF10007A26F550381000301EA77A723910003D8D
:10BF20001FA283101DB91D0020A6757021A27210DA
:10BF300022A6212122239E5824A6287025A67570AA
:10BF4000A85823A72821238D39106B4822A6222127
:10BF50005C481DA71D721D9E1F239E5826A21F28E8
:10BF600027A2262828A72721288D381099482AA6F5
:10BF7000727029A2272728A72921288D38108748E1
:10BF800029A229292AA62A727D481EA7202A28A686
:10BF9000247025A61E70A8582BA6287024A22B2B2F
:10BFA00020A62A7026A22B2627A2272474487AA22C
:10BFB00026727A8D001A003023A28372238D2324E7
:10BFC0001D252326F55028A22310001A25A7257227
:10BFD0003810001A28A22828A848061000385852FD
:10BFE000022407257D522620CC5200680AA60C8028
:10BFF0000AAC0A01381000392AA67206E6502BA8AE
:10C00000722A2AAC2B0187500A2006212B229A5033
:10C010002BA7072B2BAC2B012A202B210B229A506C
:10C0200038100039003006100038E65087500A8E6C
:10C030000A8F0B8E0B8F2AA60A0B2AAC2A01381006
:10C040000039EA50585208222A2302240B252326BD
:10C050002653E6502AA60C232AAC2A0100AB0A2A52
:10C060000030061000385852E65087502AAC0D0FA9
:10C070002AA62A0F2A2007212A229A502AA6062A0F
:10C080002AAC2A012BAC0A0F2BA62B0F2B202A211E
:10C090002B229A502BBB2B0C2ABB2A0CEA5058524D
:10C0A00008222A230A242B250D2626530030003887
:10C0B00085A9010F001A11BA010F85A78511001A71
:10C0C000007001A67070007001A77D72001A0070E8
:10C0D00009A67070007009BB7D0F7D210962008187
:10C0E000001A81620081001A0F210F260068868ED7
:10C0F000C15236108636006C021050590310875218
:10C1000011A6267012A6277013A62870E65036A82E
:10C11000850F368D01213626EA508742900811B8E6
:10C12000868615D418E4112012541D201121001CFC
:10C13000125411211D220318C120001E1254802107
:10C14000001926A6117027A6127028A613702620A3
:10C150002621001C001C001C001B7C22001D262127
:10C1600013106B491122BC522621E7D3EAE3001ACF
:10C1700000680F8E006C2CA20F108759021087598F
:10C18000A0A2A02C15108959001A80A2802C90A280
:10C19000902C001AFA1ED65F000100000002000079
:10C1A0000014000000280000004000000100000012
:10C1B00002000000466F756E64204C454420737485
:10C1C000726970206465766963652025730044692F
:10C1D00073706C6179696E67207061747465726EDA
:10C1E000206F6E207374726970004C454420737424
:10C1F00072697020646576696365202573206973B0
:10C20000206E6F7420726561647900636F756C6471
:10C210006E27742075706461746520737472697020
:10C220003A202564000F0000000F0000000F6D6130
:10C23000696E0028756E7369676E6564292063688E
:10C240006172202A207573656420666F722025252F
:10C250007020617267756D656E742E204974277346
:10C26000207265636F6D6D656E64656420746F2008
:10C270006361737420697420746F20766F69642021
:10C280002A2062656361757365206974206D617928
:10C29000206361757365206D697362656861766995
:10C2A0006F7220696E206365727461696E20636FBE
:10C2B0006E66696775726174696F6E732E20537450
:10C2C00072696E673A2225732220617267756D6507
:10C2D0006E743A25640063627072696E74665F7092
:10C2E00061636B616765006C6F6767696E67006C9F
:10C2F0006F67006C6F675F6D676D74004D6573737A
:10C30000616765202822257322292064726F70706E
:10C310006564206265636175736520697420657862
:10C3200063656564732073697A65206C696D6974EF
:10C330006174696F6E2028257529004D65737361DE
:10C3400067652064726F70706564206265636175F3
:10C35000736520697420657863656564732073690B
:10C360007A65206C696D69746174696F6E20282527
:10C370007529000D0A001B5B306D00257320005BE2
:10C380002530386C755D20005B253032753A2530DC
:10C3900032753A253032752E253033752C253033E1
:10C3A000755D200025732F003C25733E200025730A
:10C3B0003A2000253032782000202020007C002503
:10C3C0006300206D657373616765732064726F70BD
:10C3D000706564202D2D2D0D0A1B5B306D001B5BDD
:10C3E000313B33316D2D2D2D20001B5B313B333123
:10C3F0006D001B5B313B33336D00657272007772E9
:10C400006E00696E6600646267006C6F675F6261F0
:10C41000636B656E645F75617274006C6F675F75E6
:10C420006172740061637469766500737573706519
:10C430006E646564006F666600706D5F6465766942
:10C4400063650000010103010003012A2A2A20423A
:10C450006F6F74696E67206E524620436F6E6E6513
:10C4600063742053444B2076332E312E39392D36C8
:10C470003236623563363131336262202A2A2A0A23
:10C48000002A2A2A205573696E67205A65706879D8
:10C4900072204F532076342E322E39392D35636673
:10C4A000316436396231656561202A2A2A0A0072B0
:10C4B000302F61313A2020307825303878202072B2
:10C4C000312F61323A2020307825303878202072A0
:10C4D000322F61333A20203078253038780072339B
:10C4E0002F61343A2020307825303878207231326C
:10C4F0002F69703A20203078253038782072313416
:10C500002F6C723A202030782530387800207870EF
:10C5100073723A2020307825303878004661756C87
:10C5200074696E6720696E737472756374696F6E77
:10C53000206164647265737320287231352F7063D3
:10C54000293A2030782530387800556E68616E645D
:10C550006C6564204952516E3A202564002A2A2ACB
:10C560002A2A204D5055204641554C54202A2A2A2B
:10C570002A2A002020537461636B696E67206572FC
:10C58000726F722028636F6E7465787420617265B3
:10C5900061206D69676874206265206E6F74207613
:10C5A000616C696429002020556E737461636B6946
:10C5B0006E67206572726F72002020446174612082
:10C5C0004163636573732056696F6C6174696F6E44
:10C5D0000020204D4D4641522041646472657373C2
:10C5E0003A2030782578002020496E737472756384
:10C5F00074696F6E204163636573732056696F6C55
:10C600006174696F6E002020466C6F6174696E679B
:10C610002D706F696E74206C617A79207374617407
:10C620006520707265736572766174696F6E2065DE
:10C6300072726F72002A2A2A2A2A205553414745CE
:10C64000204641554C54202A2A2A2A2A00202044D8
:10C6500069766973696F6E206279207A65726F00FE
:10C660002020556E616C69676E6564206D656D6F25
:10C670007279206163636573730020205374616372
:10C680006B206F766572666C6F772028636F6E74AF
:10C690006578742061726561206E6F742076616CBC
:10C6A0006964290020204E6F20636F70726F63658C
:10C6B00073736F7220696E737472756374696F6ED1
:10C6C00073002020496C6C6567616C206C6F61643D
:10C6D000206F66204558435F52455455524E20699D
:10C6E0006E746F205043002020496C6C6567616C4C
:10C6F00020757365206F662074686520455053521D
:10C70000002020417474656D707420746F2065780A
:10C71000656375746520756E646566696E65642011
:10C72000696E737472756374696F6E002A2A2A2A9F
:10C730002A20425553204641554C54202A2A2A2A61
:10C740002A002020537461636B696E6720657272E2
:10C750006F72002020507265636973652064617494
:10C760006120627573206572726F720020204246EC
:10C77000415220416464726573733A2030782578A1
:10C78000002020496D70726563697365206461746F
:10C790006120627573206572726F72002020496E8D
:10C7A000737472756374696F6E206275732065723D
:10C7B000726F7200526573657276656420457863A6
:10C7C000657074696F6E20280053707572696F759B
:10C7D0007320696E746572727570742028495251A5
:10C7E0002000535053454C20696E20746872656177
:10C7F00064206D6F646520646F6573206E6F7420B4
:10C80000696E64696361746520505350002A2A2A56
:10C810002A2A2048415244204641554C54202A2A75
:10C820002A2A2A002020427573206661756C7420C4
:10C830006F6E20766563746F72207461626C652020
:10C8400072656164002020446562756720657665C5
:10C850006E740020204661756C7420657363616C92
:10C860006174696F6E20287365652062656C6F77EF
:10C870002900415243485F45584345505420776949
:10C88000746820726561736F6E2025780A002A2A09
:10C890002A2A2A204465627567206D6F6E69746F5D
:10C8A0007220657863657074696F6E202A2A2A2A5F
:10C8B0002A002A2A2A2A2A20257320256429202AA8
:10C8C0002A2A2A2A006D7075004661696C65642009
:10C8D000746F20616C6C6F63617465206E65772086
:10C8E0004D505520726567696F6E2025750A00509E
:10C8F0006172746974696F6E2025753A2073616E78
:10C9000069747920636865636B206661696C65642E
:10C910002E00496E76616C696420756E6465726C78
:10C9200079696E6720726567696F6E20696E6465EC
:10C930007820257500464C4153485F3000535241E2
:10C940004D5F3000736F630063616368655F6E7293
:10C95000667800636C6F636B403130653030300057
:10C960006866636C6B006C66636C6B00636C6F6312
:10C970006B5F636F6E74726F6C006770696F4031CC
:10C980003061303030006770696F40643832303069
:10C99000006770696F403530343030004750494F80
:10C9A00020706F7274202573206E6F742072656121
:10C9B0006479006661696C656420746F20636F6ED2
:10C9C000666967757265204750494F20686F672018
:10C9D000666F7220706F72742025732070696E20EC
:10C9E0002575202865727220256429006770696F9B
:10C9F0005F686F67730053504920646576696365AB
:10CA0000202573206E6F7420726561647900257330
:10CA10003A20696E76616C6964206368616E6E6548
:10CA20006C20746F20636F6C6F72206D6170706921
:10CA30006E672E436865636B2074686520636F6C56
:10CA40006F722D6D617070696E6720445420707232
:10CA50006F7065727479007773323831324030000C
:10CA60007773323831325F7370690002010300015D
:10CA70000405020608090F4750494F20706F727471
:10CA80003A202573206E6F74207265616479007698
:10CA90006261742D70777200726673772D70777291
:10CAA00000726673772D63746C0070646D2D696D10
:10CAB000752D70777200726567756C61746F725F47
:10CAC000666978656400556E61626C6520746F20DC
:10CAD000726561642070696E20737461746500759D
:10CAE0006172744063373030300075617274406336
:10CAF0003630303000756172745F6E7266785F75C3
:10CB000061727465004661696C656420746F2061B0
:10CB10006C6C6F63617465204750494F54452063C6
:10CB200068616E6E656C20666F722057414B4500E0
:10CB30004661696C656420746F20636F6E66696717
:10CB40007572652057414B452070696E0043532034
:10CB50004750494F20706F72742025732070696EA2
:10CB6000202564206973206E6F742072656164797A
:10CB70000055706461746520657863656564732031
:10CB800063757272656E74206275666665720048C0
:10CB9000616C662D6475706C6578206E6F7420739F
:10CBA0007570706F7274656400536C617665206D8A
:10CBB0006F6465206973206E6F7420737570706F79
:10CBC00072746564206F6E202573004C6F6F706205
:10CBD00061636B206D6F6465206973206E6F7420D4
:10CBE000737570706F7274656400576F7264207330
:10CBF000697A6573206F74686572207468616E204D
:10CC000038206269747320617265206E6F742073BE
:10CC10007570706F72746564004672657175656ECB
:10CC200063696573206C6F776572207468616E202C
:10CC3000313235206B487A20617265206E6F742026
:10CC4000737570706F72746564004661696C6564B9
:10CC500020746F20696E697469616C697A65206EF1
:10CC6000726678206472697665723A202530387869
:10CC70000057616974696E6720666F722057414B77
:10CC8000452061636B6E6F776C6564676D656E746C
:10CC90002074696D6564206F75740054696D656FEB
:10CCA00075742077616974696E6720666F7220748D
:10CCB00072616E7366657220636F6D706C6574650A
:10CCC00000737069403461303030007370695F6E9A
:10CCD0007266785F7370696D000007182323232341
:10CCE00023232323232323232300010248616C747D
:10CCF000696E672073797374656D00556E6B6E6F26
:10CD0000776E206572726F7200756E6B6E6F776EE4
:10CD1000003E3E3E205A455048595220464154411B
:10CD20004C204552524F522025643A202573206FE3
:10CD30006E20435055202564004661756C74206454
:10CD40007572696E6720696E746572727570742091
:10CD500068616E646C696E670A0043757272656E15
:10CD600074207468726561643A20257020282573E8
:10CD7000290043505520657863657074696F6E00B3
:10CD8000556E68616E646C656420696E746572725C
:10CD900075707400537461636B206F766572666C96
:10CDA0006F77004B65726E656C206F6F7073004B10
:10CDB00065726E656C2070616E6963006F730063ED
:10CDC000726163656E00286E756C6C29002A666C52
:10CDD0006F61742A0000000000000000670000007E
:10CDE0000000000000000000000000000000000043
:10CDF0000000000000000000000000000000000033
:10CE00000000000000000000000000000000000022
:10CE10000000000000000000000000000000000012
:10CE20000000000000000000000000000000000002
:10CE300000000000000000000000000000000000F2
:10CE400000000000000000000000000000000000E2
:10CE500000000000000000000000000000000000D2
:10CE60000000000000000000B57F00007B8600008D
:10CE7000F4AA000000000000000000003B8A00004F
:10CE800000000000000000000000000000000000A2
:10CE9000E78B000000000000000000000000000020
:10CEA000E78B000000000000000000000000000010
:10CEB000E78B000000000000000000000000000000
:10CEC000D98F0000000000000000000000000000FA
:10CED000D98F0000000000000000000000000000EA
:10CEE000379100000000000000000000000000007A
:10CEF00014AE00000000000060010020600100206E
:10CF000000000000010000007001002070010020FE
:10CF10000000000001000000000000000000000010
:10CF20000000000000000000000000000000000001
:10CF30000000000000000000000000007CA00000D5
:10CF40000000000000000000901400208814002061
:10CF5000993E000000000000FF0000000090D00398
:10CF6000FF0000000F00000071020000D40100204B
:10CF7000D401002013990000839D000067742000F5
:10CF800058020020800200206C020020D8020020FD
:10CF9000CC020020419C0000459C000000000000E5
:10CFA0000000000000000000000000000000000081
:10CFB0000000000000000000000000000000000071
:10CFC0000000000000000000000000000000000061
:10CFD0000000000000000000000000000000000051
:10CFE0000000000000000000000000000000000041
:10CFF000580200205802002000000000000000003D
:10D000000E0000006C0200206C02002000000000F6
:10D01000000000000E0000008002002080020020BE
:10D0200000000000000000000E000000940200203C
:10D030009402002000000000000000000E0000002C
:10D04000A8020020A802002000000000000000004C
:10D050000E000000BC020020BC0200200000000006
:10D0600001000000CC020020CC02002000000000E3
:10D07000D8020020D80200200000000015E015E0D2
:00000001FF
